No,සෙල්ලිපි අංකය,අක්ෂර පරිවර්තනය,පරිවර්තනය
1,6,තිශ-ශමනිය ලෙ​නෙ ශගශ,තිස්සා භික්ෂුණියගේ ලෙන සංඝයාට [දෙන ලදී]
2,8,උපශික-තිශය ලෙනෙ,උපාසිකා තිස්සාගේ ලෙන
3,35,මනපදශනෙ තිශබුතිය,තිස්සභූතිගේ මනාපදස්සන (නම් ලෙන)
4,45,ශුමනගුතශ ලෙනෙ ශගශ,සුමනගුත්තගේ ලෙන සංඝයාට [දෙන ලදී]
5,55,ශොණගුත-තෙරශ ලෙණෙ ශගශ,සොණගුත්ත තෙරුණ්ගේ ලෙ​ණේ සංඝයාට [දෙන ලදී]
6,63,බඩකරික-පරුමක-සෙනහ ලෙණෙ සගස,"භාණ්ඩාගාරික, ප්‍රමුඛ සෙනගේ ල‌​ණේ සංඝයාට [දෙන ලදී]"
7,69,පකර-අදෙක ශමුදහ ලෙණෙ ශගශ,මාර්ග අධ්‍යක්ෂක සමුද්දගේ ල‌​ණෙ සංඝයාට [දෙන ලදී]
8,74,(1) මණිකර-මලගුතහ(2) පදග[ඩිනි],මිණිවඩු මූලගුත්තගේ පියගැටපෙළ
9,104,[1] පරුමක-උති-පුතහ පරුමක-ශුමහ ලෙණෙ ශගශ,ප්‍රමුඛ උත්තියගේ පුත් වූ ප්‍රමුඛ සුම්මගේ ලෙණ සංඝයාට [දෙන ලදී]
10,123,[4] ගපති-වෙලු-පුතන තිණි-බතිකණ ශගශ බත-දතහ ලෙණෙ,ගෘහපති වෙලුගේ පුතුන් වන සහෝදරයින් තිදෙනාගේ [ලෙන] සංඝයාට [දෙන ලදී]. ස්වාමි දත්තගේ ලෙණ‌
11,127,[8] (1) පරුමක-චනිශත-ශුමන-පුතහ පරුමක-පටකණ-ශතශ(2) ශගස,ප්‍රමුඛ චනිසත සුමනගේ පුත් වන ප්‍රමුඛ පටකණ සතගේ [ලෙන] සංඝයාට [දෙන ලදී]
12,128,[10] බත-නගහ ලෙණෙ,ස්වාමි නාගගේ ලෙණ‌
13,129,[12] පරුමක-තිශ-පුතහ ලෙණෙ ශගශ දුතකහ,"ප්‍රමුඛ තිස්සගේ පුතුගේ ලෙණ‌ සංඝයාට [දෙන ලදී], දූතයාගේ"
14,131,[9] බත-නගහ ලෙණෙ ශගශ මතලිගමික-පුත ගමික-තිශහ ලෙණෙ,ස්වාමි නාගගේ ලෙණ සංඝයාට [දෙන ලදී]. මාතලිගාම හි ගම ප්‍රධානිගේ පුත් වන ගම ප්‍රධානි තිස්සගේ ලෙණ‌.
15,132,[13] බත-නගහ ලෙණෙ ශගශ,ස්වාමි නාගගේ ලෙණ‌ සංඝයාට [දෙන ලදී]
16,133,[14] [න]ගහ ලෙණෙ ශගශ,නාගගේ ලෙණ‌ සංඝයාට [දෙන ලදී].
17,137,බරත-තිශ-ගුතහ ලෙණෙ ශගශ,ස්වාමි තිස්සගුත්තගේ ලෙණ‌ සංඝයාට [දෙන ලදී]
18,143,[1] ගපති-ගුටක-තිශ-පුතහ යටි-උතිරික-මහතිශහ ලෙණෙ,ගෘහපති ගුටක තිස්සගේ පුත් වන යටි-උතිරික මහාතිස්සගේ ලෙණ‌.
19,147,[1] බත-අබිඣිගුතහ ලෙණෙ,ස්වාමි අභිජි-ගුත්තගේ ලෙණ‌
20,148,[2] පරුමක-දත-ඣිත පරුමක-බගිනිය-නදිකශ ඣය පරුමකලු-ශමණය ලෙණ‌ෙ අගත-අනගත චතු-දිශ-ශගශ දිනෙ,"ප්‍රමුඛ දත්තගේ දියණිය, ප්‍රමුඛගේ සොයුරියගේ පුත් නන්දිකගේ භාර්යාව වන ප්‍රමුඛාවිය සමණගේ ලෙණ පැමිණියාවූත් නොපැමිණියාවූත් සතරදෙස සංඝයාට [දෙන ලදී]"
21,150,[4]ගමික-නග-පුත-ශුමනහ ලෙණ‌ෙ පටකෙ ශයෙ,ගම් ප්‍රධානි නාගගේ පුත් වන සුමනගේ ලෙණ‌. කොටස් හයකි.
22,151,[5] (1) ශුමන-තෙරහ ලෙණ‌ෙ(2) ශගශ,සුමන තෙරුණ්ගේ ලෙණ‌ සංඝයාට [දෙන ලදී].
23,152,[6] පරුමක-ශිවහ ලෙණ‌ෙ චතු-[දි]ශ-ශගශ,ප්‍රමුඛ සිවගේ ලෙණ‌ සතරදිග සංඝයාට දෙන ලදී.
24,153,[7] පරුමක-ශිවහ ලෙණ‌ෙ ශගශ,ප්‍රමුඛ සිවගේ ලෙණ‌ සංඝයාට [දෙන ලදී].
25,155,[9] අනද-තෙරහ ලෙණ‌ෙ ශගශ,ආනන්ද තෙරුණ්ගේ ලෙණ‌ සංඝයාට [දෙන ලදී].
26,160,[14] චලල-ලෙණ‌ෙ නම අගත-අනගත-චතු-දිශ-ශගශ,චලල නම් ලෙණ‌ පැමිණියාවූත් නොපැමිණියාවූත් සතරදෙස සංඝයාට [දෙන ලදී].
27,162,(1) පරුමක-ශබ-පුත උපශක-රකිය ලෙණ‌ෙ(2) අගත-අනාගත- (3) චතු-දිශ-ශගශ,ප්‍රමුඛ සබගේ පුත් වන උපාසක රකිගේ ලෙණ‌ පැමිණියාවූත් නොපැමිණියාවූත් සංඝයාට සතරදිග සංඝයාට [දෙන ලදී].
28,163,පරුමක-ශොණහ ශගශ,ප්‍රමුඛ සොණගේ [ලෙන] සංඝයාට [දෙන ලදී].
29,167,[2] (1) බත-මිතදෙවහ ලෙණ‌ෙ(2) බත-මිතදෙවහ ලෙණ‌ෙ මනපදශනෙ අගත-අනගත චතු-දිශ-ශගශ දිනි,ස්වාමි මිත්තදේවගේ ලෙණ‌. ස්වාමි මිත්තදේවගේ මනාපදස්සන නම් ලෙණ‌ පැමිණියාවූත් නොපැමිණියාවූත් සතරදෙස සංඝයාට දෙන ලදී.
30,168,[3](1) එරකපි-ගමික-පුත ගමික තිශ-පුති උතිය ලෙණ‌ෙ අගත-අනගත-චතු-දිශ-ශගශ දිනි(2) දමරඣශ උපට (සංකේත අංක15සහ16b),එරකපිහි ගම් ප්‍රධානිගේ පුත් වන  ගම් ප්‍රධානි තිස්සගේ පුත් වන උත්තියගේ ලෙණ‌ පැමිණියාවූත් නොපමිනියවූත් සතරදෙස සංඝයාට දෙන ලදී. ධම්මරාජගේ
31,169,[4] පරුමක-වෙලු-පුතන ලෙණ‌ෙ අගත-අනගත චතු-දිශ-ශගශ,ප්‍රමුඛ වෙලුගේ පුතුන්ගේ ලෙණ‌ පැමිණියාවූත් නොපැමිණියාවූත් සතරදෙස සංඝයාට [දෙන ලදී].
32,170,[1] පරුමක-උපලි-පුත පරුමක-චතහ ලෙණ‌ෙ,ප්‍රමුඛ උපාලිගේ පුත් වන ප්‍රමුඛ චත්තගේ ලෙණ‌
33,174,[5] පරෙමක-ඉශිගුතහ ලෙණ‌ෙ ශගශ,ප්‍රමුඛ ඉසිගුත්තගේ ලෙණ‌ සංඝයාට [දෙන ලදී].
34,178,[2] දනතක-ගමික-පුත ගමික-තිශහ ඣය උපශික-මගිලය ලෙණ‌ෙ ශගිකෙ,ගම් ප්‍රධානි දනකතගේ පුත් වන ගම් ප්‍රධානි තිස්සගේ භාර්යාව වූ උපාසිකා මගිලාගේ ලෙණ‌ සංඝයාට අයත් වෙයි.
35,179,[3] බත-උතිය ලෙණ‌ෙ,ස්වාමි උත්තියගේ ලෙණ‌
36,180,[4] පරුමක ශුමන-පුත පරුමක රශුමිලිය ලෙණ‌ෙ ශගශ,ප්‍රමුඛ සුමනගේ පුත් වන ප්‍රමුඛ රම්සිමාලීගේ ලෙණ‌ සංඝයාට [දෙන ලදී].
37,181,[5] උපශික-පරිඣය ලෙණ‌ෙ ශගශ,උපාසිකා පරිජාගේ ලෙණ‌ සංඝයාට [දෙන ලදී].
38,187,[1] ගමික-තිශ-පුත ගමික-මලිය ලෙණ‌ෙ ශගශ,ගම් ප්‍රධානි තිස්සගේ පුත් වන ගම් ප්‍රධානි මාලිගේ ලෙණ‌ සංඝයාට [දෙන ලදී].
39,201,[2] ගණශ ලෙණ‌ෙ ශගශ,සමූහයේ ලෙණ‌ සංඝයාට [දෙන ලදී].
40,202,ගපති-උතර-පුත පුශ-මලන ලෙණ‌ෙ,ගෘහපති උත්තරගේ පුත් වන ඵුස්ස-මාලින්ගේ ලෙණ‌.
41,204,[1] පරුමක-පුස-ගුත පිගල-සුමනහ,ප්‍රමුඛ ඵුස්සගේ පුත් වන පින්ගල සුමනගේ
42,206,[1]  (1) පරුමක-වශුදත-පුත පුශහ පදගඩ-කම කර(පි)ත,ප්‍රමුඛ වසුදත්තගේ පුත් වන ඵුස්ස විසින් කරවන ලද පියගැටපෙළ.
43,210,ගපති-ශුබගහ ලෙණ‌ෙ,ගෘහපති සුභගේ ලෙණ‌.
44,212,[2] ගණක-චලි-තිශ-පුත පරුමක-තිශහ ලෙණ‌ෙ,ගණකාධිකාරී චලි-තිස්සගේ පුත් වන ප්‍රමුඛ තිස්සගේ ලෙණ‌.
45,213,[3] ශිලා ලේඛනය සහ එහි අර්ථය සෙල්ලිපි අංක212හා සමාන වෙයි.,
46,215,[5] යශ-තෙරශ ච ගපති-චුඩ-ශිව-පුතා කොටගරික-චුලහ ච ලෙණ‌ෙ ශගශ,වෙස්ස තෙරුණ්ගේ සහ ගෘහපති චුඩ-ශිවගේ පුත් වන කෝෂ්ඨාගාරික චලුගේ ලෙණ‌ සංඝයාට [දෙන ලදී].
47,216,[6] පරුමක පොල-ශමුදහ ලෙණ‌ෙ,ප්‍රමුඛ පොල-සමුද්දගේ ලෙණ‌
48,217,[7] දනියශ ලෙණ‌ෙ,ධනියගේ ලෙණ‌.
49,218,[8] බත-දමුතරහ,ප්‍රධානි ධම්මුත්තරගේ
50,221,[11] බත-පුශහ [ස]දිවිහරි-තිශහ ලෙණ‌ෙ,ඵුස්ස තෙරුණ්ගේ ශිෂ්‍ය වන තිස්සගේ ලෙණ‌.
51,225,[15] බත-උපතිශ-තෙරහ ලෙණ‌ෙ,ප්‍රධානි උපතිස්ස තෙරුණ්ගේ ලෙණ‌.
52,226,[16] පුශ-තෙරහ ච කොටගරික-උතරහ ච ලෙණ‌ෙ ශගශ,ඵුස්ස තෙරුණ්ගේ සහ කෝෂ්ඨාගාරික උත්තරගේ ලෙණ‌ සංඝයාට [දෙන ලදී].
53,227,[17] ගපති-රකි[ත]ශ පුත උපලිය ලෙණ‌ෙ ශගශ,ගෘහපති රක්ඛිතගේ පුත් වන උපාලිගේ ලෙණ‌ සංඝයාට
54,238,[3]පරුමක-අනුඩි-පුත පරුමක-උතිය ලෙණ‌ෙ ශගශ,ප්‍රමුඛ අනුඩිගේ පුත් වන ප්‍රමුඛ උතිගේ ලෙණ‌ සංඝයාට [දෙන ලදී].
55,239,[4] තිශ-තෙරශ දනෙ ශගශ,තිස්ස භික්ෂුවගේ ත්‍යාගය සංඝයාට.
56,241,බත-නදහ ලෙණ‌ෙ,ප්‍රධානි නන්දගේ ලෙණ‌.
57,242,[7] බමණ-උතර-පුත-ගුතහ ලෙණ‌ෙ,බ්‍රාහ්මණ උත්තරගේ පුත් වන ගුත්තගේ ලෙණ‌.
58,245,[10] බඩකරික-මඣිමහ ලෙණ‌ෙ ශගශ,භාණ්ඩාගාරික මජ්ඣිමගේ ලෙණ‌ සංඝයාට [දෙන ලදී].
59,246,[11] පරුමක-ශෙනහ ලෙණ‌ෙ ශගශ,ප්‍රමුඛ සෙනගේ ලෙණ‌ සංඝයාට [දෙන ලදී].
60,249,[1] අශි-පුශගුතශ,ආයුෂ්මත් ඵුස්සගුත්තගේ
61,250,[2] පරුමක-කුතරගය-වෙලුහ ලෙණ‌ෙ,"කොතළය දරන්නා, ප්‍රමුඛ වෙලුගේ ලෙණ‌."
62,252,[2] බුදරකිත-තෙරශ ශුපදිටි,බුද්ධරක්ඛිත තෙරුණ්ගේ සුප්පතිට්ඨ [නම්] ලෙණ.
63,254,[4] තිස-තෙරහ ලෙණ‌ෙ ශගශ,තිස්ස තෙරුණ්ගේ ලෙණ‌ සංඝයාට [දෙන ලදී].
64,255,බත-මහදතහ මනපදශනෙ,ප්‍රධානි මහාදත්තගේ මනාපදස්සන [ලෙණ‌].
65,256,[6] බත-ශුමනගුතහ ලෙණ‌ෙ,ප්‍රධානි සුමනගුත්තගේ ලෙණ‌.
66,261,[2] පරුමක- මහරෙතශ පුත පරුමක-නගශ ලෙණ‌ෙ අගත-අනගත-චතු-දිශ-ශගශ දිනෙ,ප්‍රමුඛ මහරෙතගේ පුත් වන ප්‍රමුඛ නාගගේ ලෙණ‌ පැමිණියාවූත් නොපැමිණියාවූත් සතරදෙස සංඝයාට දෙන ලදී.
67,265,[6] පරුමක-නග-පුත පරුමක-රෙවෙතශ ලෙණ‌ෙ,ප්‍රමුඛ නාගගේ පුත් වන ප්‍රමුඛ රෙවෙතගේ ලෙණ‌ෙ.
68,267,බත-උපතිශහ ලෙණ‌ෙ,ප්‍රධානි උපතිස්සගේ ලෙණ‌.
69,279,[8] පරුමක-උතර-පුති පරුමක-පුලයශ බරිය උපශික-උතිය ලෙණ‌ෙ,ප්‍රමුඛ උත්තරගේ පුත් වන ප්‍රමුඛ පුලයගේ භාර්යාව වන උපාසිකා උත්තියාගේ ලෙණ‌.
70,280,[9] අශ-(ඣි)තහ ලෙණ‌ෙ ශගශ,ආයුෂ්මත් ජිතගේ ලෙණ‌ සංඝයාට [දෙන ලදී].
71,283,[12] අශය-නදහ ලෙණ‌ෙ ශගශ,ආයුෂ්මන්ත නන්දගේ ලෙණ‌ සංඝයාට [දෙන ලදී].
72,289,[1] තිශ-අයහ පුත මහ-අයහ අයක ගමික-මහතිශ-මරුමකන ගමික-තිශහ ලෙණ‌ෙ අගත-අනගත-චතු-දිශ-ශගශ පතිටපිටෙ (සංකේත අංක26සහ27),තිස්ස කුමරුගේ පුත් වන මහ-අයහි ආදායම් බදු එකතු කරන්නා වන ගම් ප්‍රධානි මහාතිස්සගේ මුණුබුරු වන ගම් ප්‍රධානි තිස්සගේ ලෙණ‌ පැමිණියාවූත් නොපැමිණියාවූත් සතරදෙස සංඝයා උදෙසා පිහිටුවන ලදී.
73,290,[2] පරුමක-දිගතිශ-පුත පරු[මක]ගුතශ ලෙණ‌ෙ,ප්‍රමුඛ දීඝතිස්සගේ පුත් වන ප්‍රමුඛ ගුත්තගේ ලෙණ‌.
74,291,[3] (1) ගමික-තිශ-පුත ගමික-සමණදතහ (2) ලෙණ‌ෙ,ගම් ප්‍රධානි තිස්සගේ පුත් වන ගම් ප්‍රධානි ශමණදතගේ ලෙණ‌.
75,293,[5] පරුමක-දිගතිශ-පුත ගුතහ ලෙණ‌ෙ,ප්‍රමුඛ දීඝතිස්සගේ පුත් වන ගුත්තගේ ලෙණ‌.
76,301,[1] ගපති-කබර-මඣිමහ පුත ශිවහ ච ලෙණ‌ෙ ශගශ,කම්මල්කරු ගෘහපති මජ්ඣිමගේ සහ ඔහුගේ පුත් වන සිවගේ ලෙණ‌ සංඝයාට [දෙන ලදී].
77,304,[4] [අ]ය-ශිවහ ලෙණ‌ෙ,සිව කුමරුගේ ලෙණ‌.
78,305,[5] පරුමක-උති-ඣිතය අබි-ශොණය ලෙණ‌ෙ,ප්‍රමුඛ උත්තියගේ දියණිය වන සොණා කුමරියගේ ලෙණ‌.
79,308,[8] අශ-මගශ ලෙණ‌ෙ මනපදශනෙ නම අගත-අනගත-චතු-දිශ-ශගශ,ආයුෂ්මන්ත මාඝගේ මනාපදස්සන නම් ලෙණ‌ පැමිණියාවූත් නොපැමිණියාවූත් සතරදෙස සංඝයාට [දෙන ලදී].
80,310,[10] බත-දතශ ලෙණ‌ෙ ශගශ ගපති-ශුමහ,ප්‍රධානි දත්තගේ ලෙණ‌ සංඝයාට දෙන ලදී. සහ ගෘහපති සුම්මගේ.
81,311,[11] බත-ශොණහ ලෙණ‌ෙ අගත-අනගත-චදු-දිශ-ශගශ නියතෙ,ප්‍රධානි සොණගේ ලෙණ‌ පැමිණියාවූත් නොපැමිණියාවූත් සතරදෙස සංඝයාට ප්‍රධානය කරන ලදී.
82,312,[12] පරුමක-තිශරකිත-පුත පරුමක-නගදිනශ ලෙණ‌ෙ,ප්‍රමුඛ තිස්සරක්ඛිතගේ පුත් වන ප්‍රමුඛ නාගදින්නාගේ ලෙණ‌.
83,314,[14] (1) වඩියහ තිශහ ශුවතිය(2) තිනි-ඣනහ ලෙණ‌ෙ නියතෙ ශගශ,"වඩිය, තිස්ස සහ සුවති [නම්] පුද්ගලයින් තිදෙනාගේ ලෙණ‌ සංඝයාට පිරිනමන ලදී."
84,319,[1] පරුමක-තබර-වේලු-ඣිශ තිශ[ය],ප්‍රමුඛ තබර-වෙලුගේ දියණිය වන තිස්සාගේ [ලෙන].
85,324,[3] අශ දමගුතහ ලෙණ‌ෙ ශගශ,අයුෂ්මන්ත ධම්මගුත්තගේ ලෙණ‌ සංඝයාට [දෙන ලදී].
86,325,[4] බත-අබයහ ලෙණ‌ෙ ශගශ,ප්‍රධානි අභයගේ ලෙණ‌ සංඝයාට [දෙන ලදී].
87,326,[1] දමගුතහ ලෙණ‌ෙ ශගශ,ධම්මගුත්තගේ ලෙණ‌ සංඝයාට [දෙන ලදී].
88,327,[2] තිශ-තෙරහ අතෙවශික ශුඅමන-තෙරහ ලෙණ‌ෙ අගත-අනගත-චතු-දී[ශ]-ශගශ,තිස්ස තෙරුණ්ගේ ශිෂ්‍ය වන සුමන තෙරුණ්ගේ ලෙණ‌ පැමිණියාවූත් නොපැමිණියාවූත් සතරදෙස සංඝයාට [දෙන ලදී].
89,328,[3] පරුමක-නදික-පුතශ පරුමක-මිතශ ලෙණ‌ෙ අගත-අනගත-චතු-දිශ-ශගශ දිනෙ,ප්‍රමුඛ නන්දිකගේ පුත් වන ප්‍රමුඛ මිත්තගේ ලෙණ‌ පැමිණියාවූත් නොපැමිණියාවූත් සතරදෙස සංඝයාට [දෙන ලදී].
90,329,[4] (1) පරුමක-හදකහ බැරිය උපශික-නගය ච පුතා උපශක-තිශහ ච උපශක දෙවහ ච(2) ලෙණ‌ෙ අගත-අනගත-චතු-දිශ-ශගශ නියතෙ,"ප්‍රමුඛ හදකගේ භාර්යාව, උපාසිකා නාගා සහ ඔහුගේ පුතුන් වන උපාසක තිස්ස සහ උපාසක දෙවගේ ලෙණ‌ පැමිණියාවූත් නොපැමිණියාවූත් සතරදෙස සංඝයාට පරිත්‍යාග කරන ලදී."
91,330,[5] තිශගුත-තෙරශ ශදිවිහරිය බරත-මඣිමබණක තිශහ ලෙණ‌ෙ ශුදශනෙ අගත-අනගත-චතු-දිශ-ශගශ නියතෙ,තිස්සගුත්ත තෙරුණ් හා එක්ව වාසය කරන මජ්ඣිම-[නිකායේ]ප්‍රධානි තිස්ස තෙරුණ්ගේ සුදස්සන (නම්) ලෙණ‌ පැමිණියාවූත් නොපැමිණියාවූත් සතරදෙස සංඝයාට පරිත්‍යාග කරන ලදී.
92,331,[6] පරුමක-මිත-ඣය පරුමක-ශත-නශත-ඣිත පරුමකලු-පුශය ලෙණ‌ෙ අගත-අනගත-චතු-ශගශ,ප්‍රමුඛ මිත්තගේ භාර්යාව වන ප්‍රමුඛ ශත නශතගේ දියණිය වන ප්‍රමුඛාවිය ඵුස්සාගේ ලෙණ‌ පැමිණියාවූත් නොපැමිණියාවූත් සතරදෙස සංඝයාට [දෙන ලදී].
93,335,[10] බරත-තිශශ ලිණ‌ෙ,ප්‍රධානි තිස්සගේ ලෙණ‌.
94,336,[11] පෙළ සහ අර්ථය අංක 335 ලිපිය හා සමාන වන නමුත් එහි භාවිත කර ඇති 'තිශශ' යන පදය වෙනුවට මෙහි 'තිශහ' ලෙස යොදා ඇත. මෙම ශිලාලේඛනය සාමාන්‍ය අයුරින් වමෙහි සිට දකුණට ලියන ලද්දකි.,
95,337,[12] පරුමක-[ශො]ණහ ලෙණ‌ෙ ගමික-තිශහ ලෙණ‌ෙ ශගශ,"ප්‍රමුඛ සොණගේ ලෙණ‌. ගම් ප්‍රධානි තිස්සගේ ලෙණ‌, සංඝයාට [දෙන ලදී]."
96,338,[1] රඣ-නග-ඣිත-උති-ඣයඅබි-අනුරදි ච රඣ-උති ච කරපිට ශ‌ෙ ඉම ලෙණ‌ චතු-දිශශ ශගය අගත්-අගතන පශු-විහරයෙ අපරිමිත-ලොකදතුය ශතන ශිත-ශුකයෙ.,"අනාගත සැප පහසුව පිණිස සහ සක්වල සියලු සත්ත්වයින්ගේ හිතසුව පිණිස, නාග රජුගේ දියණිය වන උත්තිය රජුගේ භාර්යාව වන (අබි)අනුරාධි කුමරිය ද උත්තිය රජු ද කරවූ මෙම ලෙණ‌ සතරදෙස සංඝයාට."
97,342,[5] බදිර-මහතිශ-පුත මහ-ශුමනශ ලෙණ‌ෙ,ප්‍රධානි මහාතිස්සගේ පුත් වන මහාසුමනගේ ලෙණ‌.
98,343,[6] පරුමක-උති-පුත චුඩි-නගශ ලෙණ‌ෙ,ප්‍රමුඛ උත්තියගේ පුත් වන චූඩි-නාගගේ ලෙණ‌.
99,345,[8] ගපති-දමශෙන-පුත ශුමන-මලශ ච ගපති-මඣිමතිශ-පුත දිගතිශශ ච ලෙණ‌ෙ,ගෘහපති ධම්මසේනගේ පුත් වන සුමනමල්ලගේ සහ ගෘහපති මජ්ඣිම-තිස්සගේ පුත් වන දීඝතිස්සගේ ලෙණ‌.
100,352,මගශ ලෙණ‌ෙ,මාඝගේ ලෙණ‌.
101,353,[16] පරුමක-නුගුය-වෙලු-පුතන ශිගර-මලුශ ච නුගුය-මලුශ ච ලෙණ‌ෙ,ප්‍රමුඛ නුගුය-වෙලුගේ පුතුන් වන සිගර-මලුගේ සහ නුගුය-මලුගේ ලෙණ‌.
102,357,[20] දමෙඩ-වණිඣ ගපති-විශකහ සෙණි-කමෙ,"ද්‍රවිඩ වෙළඳ,ගෘහපති විශාක විසින් කරන ලද පියගැටපෙළ."
103,365,[28] බත-ශුමනශ ලෙණ‌ෙ ශගශ දිනෙ,ප්‍රධානි සුමනගේ ලෙණ‌ සංඝයාට දෙන ලදී.
104,369,[32] මතුල-බගිනියන ලෙණ‌ෙ අගත-අනගත-චතු-දිශ-ශගශ නියතෙ ශෙ,මයිලනුවන්ගේ සහ බෑනාවරුන්ගේ ලෙණ‌ පැමිණියාවූත් නොපැමිණියාවූත් සතරදෙස සංඝයාට පරිත්‍යාග කරන ලදී.
105,380,පෙළ සහ අර්ථය අංක 2 හා සමාන වෙයි.,
106,387,[3] පුශහ බත-නගශ මහචිතශ,"ඵුස්සගේ, ප්‍රධානි නාගගේ, මහාචිත්තගේ"
107,389,[1] උපරඣ-නග-පුතෙ රඣ-අබයෙ නම තශ පුතෙ ගමණි-තිශෙ නම තෙන කරිතේ ශුදශනෙ ශගශ,උපරාජ නාගගේ පුත් අබය රජු [නාමය] වෙයි. ඔහුගේ පුත් ගාමණි තිස්ස නම් වෙයි. ඔහු විසින් කරන ලද ශුදස්සන [නම් ලෙන] සංඝයාට [දෙන ලදී].
108,390,[2] බත-පුශබුතිය ලෙණ‌ෙ ශගශ,ප්‍රධානිප්‍රධානි ඵුස්සභූතිගේ ලෙණ‌ සංඝයාට [දෙන ලදී].
109,391,[3] මනොරමෙ ලෙණ‌ෙ බත-ගුතෙන කරිතෙ ශගශ,ප්‍රධානි ගුත්ත විසින් කරවන ලද මනොරම නම් ලෙණ‌ සංඝයාට [දෙන ලදී].
110,392,[4] බත-දෙවගුතහ බතිකහ ගපති-ශමණහ ලෙණ‌ෙ,ප්‍රධානි දෙවගුත්තගේ සහෝදරයා වන ගෘහපති සමණගේ ලෙණ‌.
111,395,[7] බත-ශුදිනශ ලෙණ‌ෙ ශගශ,ප්‍රධානි සුදින්නගේ ලෙණ‌ සංඝයාට [දෙන ලදී].
112,397,[2] පරුමක-ශදනශ ඣය උපශික-ශුමනය ලෙණ‌ෙ,ප්‍රමුඛ සදනගේ භාර්යාව වන උපාසිකා සුමනාගේ ලෙණ‌.
113,399,[1] බත-රකිය ලෙණ‌ෙ,ප්‍රධානි රකිගේ ලෙණ‌.
114,400,[2] උපශක-චුඩහ ලෙණ‌ෙ ශගශ,උපාසක චූළගේ ලෙණ‌ සංඝයාට [දෙන ලදී].
115,401,[3] ශගශ උපශක-චුඩහ අශිය ශිවහ ශදි ශදය,උපාසක චූළගේ සහ අයුෂ්මන්ත සිවගේ සාමුහික ලෙණ‌ [සංඝයාට දෙන ලදී].
116,403,පරුමක-වෙ[ල]හ ලෙණ‌ෙ ශගශ,ප්‍රමුඛ වෙ[ල]ගේ ලෙණ‌ සංඝයාට [දෙන ලදී].
117,404,[2] දෙවනපිය-මහරඣහ ගාමිණි-තිශහ පුත මහතිස-අයහ ලෙණ‌ෙ ශගිකෙ,දෙවියන්ට ප්‍රිය වූ මහරජ ගාමිණි තිස්සගේ පුත් වන මහාතිස්ස කුමරුගේ ලෙණ‌ සංඝයා සතු දේපළකි.
118,405,උපශක-තිශහ ච ඣය-රෙවය ච ලෙණ‌ෙ ශගශ,උපාසක තිස්සගේ සහ [ඔහුගේ] භාර්යාව වන රෙවාගේ ලෙණ‌ සංඝයාට [දෙන ලදී].
119,407,[1] එක-උතිරික-බණක පුශදෙව-තෙරහ මනොරමෙ,එකොත්තරිකහි (අංගුත්තරාගම) දේශක ඵුස්සදේව තෙරණුවන්ගේ මනොරම [නම් ලෙන].
120,408,[2] මනොරමෙ (ලෙනෙහි නම),
121,410,[4] බත-තිශ-බුතිය ච බත-කුඩක-තිශහ ච,ප්‍රධානි තිස්සභූතිගේ ද ප්‍රධානි කුඩකතිස්සගේ ද [ලෙන].
122,411,[5] වරුණගුතහ ලෙණ‌ෙ ශගශ,වරුණගුත්තගේ ලෙණ‌ සංඝයාට [දෙන ලදී].
123,412,[6] අශිය-අනුඩිය ලෙණ‌ෙ,අයුෂ්මන්ත අනුඩිගේ ලෙණ‌.
124,414,[8] ශුමනහ ලෙණ‌ෙ,සුමනගේ ලෙණ‌.
125,418,[12] අශ-චිතගුතහ අශ-උපතිශහ,අයුෂ්මන්ත චිත්තගුත්තගේ [සහ] අයුෂ්මන්ත උපතිස්සගේ ලෙණ‌.
126,422,[1] දෙවනපිය-මහරඣ ගමිණි-තිශහ පුත මහ-අයහ ඣය උපශික-යහශිනිය ලෙණ‌ෙ,දෙවියන්ට ප්‍රිය වූ මහරජ ගාමණී තිස්සගේ පුත් වන මහ-අයගේ භාර්යාව වන උපාසිකා යසස්සිනීගේ ලෙණ‌ෙ.
127,423,[2] දෙවනපිය-මහරඣහ ගමණි-තිශහ පුත මහ-අයහ මහ-ලෙණ‌ෙ,දෙවියන්ට ප්‍රිය වූ මහරජ ගාමණී තිස්සගේ පුත් වන මහ-අයගේ මහ ලෙණ‌.
128,424,[3] මහරඣහ දෙවනපියහ ගමණි-තිශහ පුතහ තිශ-අයහ මහ-ලෙණ‌ෙ,මහරජ වූ දෙවියන්ට ප්‍රිය වූ ගාමණී තිස්සගේ පුත් වන තිස්ස කුමරුගේ මහ ලෙණ‌.
129,426,[5] දෙවනපිය-මහරඣහ ගමණි-තිශහ පුතහ තිශ-අයහ ඣය උපශික-ශමිකය ලෙණ‌ෙ,දෙවියන්ට ප්‍රිය වූ මහරජ ගාමණී තිස්සගේ පුත් වන තිස්ස කුමරුගේ භාර්යාව වන උපාසිකා සාමිකාගේ ලෙණ‌.
130,430,[9] බත-තිශගුතහ ලෙණ‌ෙ ශිශමුකෙ,ප්‍රධානි තිස්සගුත්තගේ ශිහමුඛ (සිංහයාගේ මුඛය) [නම්] ලෙණ‌.
131,442,[21] මිටියමත තිශහ ලෙණ‌ෙ,මිටියමත තිස්සගේ ලෙණ‌.
132,443,[22] බත-ශිවබුතිය ලෙණ‌ෙ ශුපදිතිතෙ,ප්‍රමුඛ සිවභූතිගේ සුප්පතිට්ඨිත [නම්] ලෙණ‌.
133,444,[23] [ච]න[-තිශ]-පවත-ව[ශි ක]-පුශ-තෙරහ ලෙණ‌ෙ,[ච]න-(තිස්ස)-පබ්බත වාසී ඵුස්ස තෙරුණ්ගේ ලෙණ‌.
134,445,[24] මෙහි පෙළ අංක [21] ලිපිය හා සමාන වෙයි; 'මත' වෙනුවට 'මුත' භාවිත කර ඇත. දකුණේ සිට වමට කියවිය යුතු වෙයි.,
135,448,[27] දමරකිත-තෙර-ශදිවිශරිය බත-ශ...........,ධම්මරක්ඛිත තෙරුණ්ගේ ශිෂ්‍ය ප්‍රධානි ස...........
136,449,[28] ශිව-තෙරශ ලෙණ‌ෙ,සිව තෙරුණ්ගේ ලෙණ‌.
137,450,[29] ශිව-තෙර............,සිව තෙරුණ්ගේ............
138,451,[30] නගශෙන-තෙරශ ශුදශනෙ,නාගසේන තෙරුණ්ගේ සුදස්සන [නම් ලෙන].
139,453,[32] උපශක-දතශ ලෙණ‌ෙ,උපාසක දත්තගේ ලෙණ‌.
140,454,[33] ශුරි-තෙරශ ලෙණ‌ෙ ශගශ,සුරිතෙරුණ්ගේ ලෙණ‌ සංඝයාට [දෙන ලදී].
141,455,[34] බුදරකිත-තෙරශ ලෙණ‌ෙ බයබෙරවෙ,"බුද්ධරක්ඛිත තෙරුණ්ගේ ලෙණ‌, [නම්]බයභෙරව (අපූර්ව වූ)."
142,461,[40] තිශමිත-තෙරශ ලෙණ‌ෙ පුඩලඣකෙ,තිස්සමිත්ත තෙරුණ්ගේ පුඩලඣකෙ [නම්] ලෙණ‌.
143,464,[43] තිශමිත-තෙරශ ලෙණ‌ෙ ශගශ,තිස්සමිත්ත තෙරුණ්ගේ ලෙණ‌ සංඝයාට [දෙන ලදී].
144,465,[44] උපතිශහ ලෙණ‌ෙ,උපතිස්සගේ ලෙණ‌.
145,469,කුබිර-තෙරහ වනෙ,කුබිර (කුවෙර) තෙරුණ්ගේ වනාන්තරය.
146,473,[1] දොදශ-ඣනන චදක-ලෙණ‌ෙ,පුද්ගලයින් දොළසකගේ චන්දක ලෙණ‌.
147,475,බත-තිශ-ගුතහ ගමික-චුලහ උපශික-උපලය.............,"ප්‍රධානි තිස්සගුත්තගේ, ගම් ප්‍රධානි චලුගේ [සහ] උපාසිකා උප්පලාගේ,..........."
148,477,පරුමක-වෙල-පුත පරුමක-උතරශ ලෙණ‌ෙ,ප්‍රමුඛ වෙලගෙ පුත් වන ප්‍රමුඛ උත්තරගේ ලෙණ‌.
149,478,[1] මිත-තෙරහ පිතශ උපශක ශිවශ ලෙණ‌ෙ,මිත්ත තෙරුණ්ගේ පියාණන් වන උපාසක සිවගේ ලෙණ‌.
150,479,[2] ගමික වණ-තිශහ,ගම් ප්‍රධානි වණ-තිස්සගේ.
151,495,පරුමක-තිශ-පුත පරුමකඅදිලිය ලෙණ‌ෙ ශගශ,ප්‍රමුඛ තිස්සගේ පුත් වන ප්‍රමුඛ අදිලිගේ ලෙණ‌ සංඝයාට [දෙන ලදී].
152,496,[1] පරුමක-ශුමන-පුතශ තිශශ ලෙණ‌ෙ,ප්‍රමුඛ සුමනගේ පුත් වන තිස්සගේ ලෙණ‌.
153,497,[2] පරුමක-මිත-පුත පරුමක-රකිය ලෙණ‌ෙ ශගශ,ප්‍රමුඛ මිත්තගේ පුත් වන ප්‍රමුඛ රකිගේ ලෙණ‌ සංඝයාට [දෙන ලදී].
154,498,[1] (සංකේත අංක18) පරුමක-නදික-පුතශ පරුමක-මිතශ ලෙණ‌ෙ මහශුදශනෙ ශගශ දිනෙ,ප්‍රමුඛ නන්දිකගේ පුත් වන ප්‍රමුඛ මිත්තගේ මහාසුදස්සන [නම්] ලෙණ‌ සංඝයාට පරිත්‍යාග කරන ලදී.
155,499,[2] බත-පුශගුතශ ය ලෙණ‌ෙ මනපද[ශ]නෙ ලෙණ‌ෙ ශගශ දිනෙ,"ප්‍රධානි ඵුස්සගුත්තගේ ලෙණ‌, මනාපදස්සන [නම්] ලෙණ‌, සංඝයාට [දෙන ලදී]."
156,500,[3] ගමික-නග-පුතෙ ගමික-තිශ කරපිතෙ ඉම ලෙණ‌ සෙනපති ඣුවය ශගශ දිනෙ,ගම් ප්‍රධානි නාගගේ පුත් වන ගම් ප්‍රධානි තිස්ස විසින් කරවන ලද මෙම ලෙණ‌ සෙන්පති ඣුවය සංඝයාට පරිත්‍යාග කරන ලදී.
157,501,[4] බත-ශගරකිතශ ලෙණ‌ෙ පටිබන-කුටෙ ශග[ශ] දිනෙ,ප්‍රධානි සංඝරක්ඛිතගේ පටිභාන-කූට නම් ලෙණ‌ සංඝයාට පරිත්‍යාග කරන ලදී.
158,503,[1] [ශු]ඣත-තෙරහ ලෙණ‌ෙ ශගශ,සුජාත තෙරුණ්ගේ ලෙණ‌ සංඝයාට [දෙන ලදී].
159,505,,
160,506,[4] මුල(ශො)ම-තෙරශ ලෙණ‌ෙ චතු-දිශ-ශගශ,මූලසොම තෙරුණ්ගේ ලෙණ‌ සතරදෙස සංඝයාට [දෙන ලදී].
161,507,[5] පරුමක-බතකරක-නග-කුලහ ච ගොති-මතහ ච ලෙණ‌ෙ,
162,508,[6] තිශගුත-තෙරහ ලෙණ‌ෙ අගත-අනගත-චතු-දිශ-ශගශ දිනෙ,තිස්සගුත්ත තෙරුණ්ගේ ලෙණ‌ පැමිණියාවූත් නොපැමිණියාවූත් සතරදෙස සංඝයාට දෙන ලදී.
163,509,[7] ශගරකිත-තෙරශ ලෙණ‌ෙ ශුදශනෙ,සංඝරක්ඛිත තෙරුණ්ගේ සුදස්සන [නම්] ලෙණ‌.
164,510,[8] බත-දිනහ ලෙණ‌ෙ සඝහ,ප්‍රධානි දින්නගේ ලෙණ‌ සංඝයාට [දෙන ලදී].
165,511,511 [9] බත-ශුමනගුතශ ල‌ෙණ‌ෙ සඝහ,ප්‍රධානි සුමනගුත්තගේ ල‌ෙණ‌ සංඝයාට [දෙන ලදී].
166,512,512 [10] ශුඣත-තෙරශ බතික තිශදත-තෙරහ ල‌ෙණ‌ෙ ශගශ,සුජාත තෙරුණ්ගේ සහෝදරයා වන තිස්සදත්ත තෙරුණ්ගේ ල‌ෙණ‌ සංඝයාට [දෙන ලදී].
167,514,514 [12] ශගශ ල‌ෙණ‌ෙ,සංඝයාගේ ල‌ෙණ‌.
168,516,516 [14] පරුමක-පුශහ ල‌ෙණ‌ෙ ශගශ,ප්‍රමුඛ ඵුස්සගේ ල‌ෙණ‌ සංඝයාට [දෙන ලදී].
169,517,517 [15] වෙශලි-තෙරහ ල‌ෙණ‌ෙ,වෙසිලි තෙරුණ්ගේ ල‌ෙණ‌.
170,518,518 [16] ගපති-ශිවහ ල‌ෙණ‌ෙ චතු-දිශික-ශගශ දිනෙ,ගෘහපති සිවගේ ල‌ෙණ‌ සතරදෙස සංඝයාට දෙන ලදී.
171,526,526 [4] (සංකේත අංක 31 සහ 32) ශුමනශ ල‌ෙණ‌ෙ ශගශ,සුමන[ගේ] ල‌ෙණ‌ සංඝයාට [දෙන ලදී].
172,535,535 [7] (1) ගමික-වශ-පුතනු ගමික තිශ පුශ ගමික-අබහ(2) ශිරිගුත-තෙරහ,"ගම් ප්‍රධානි වම්සගේ පුතුන් වන [නම් වශයෙන්], ගම් ප්‍රධානි තිස්ස, ඵුස්ස සහ ගම් ප්‍රධානි අභය සහ සිරිගුත්ත තේරුණ්ගේ [ල‌ෙණ‌]."
173,536,536 [1] ගපති-චුලශ ල‌ෙණ‌ෙ ශගශ,ගෘහපති චුලගේ ල‌ෙණ‌ සංඝයාට [දෙන ලදී].
174,537,537 [2] බත-ශිවරකිතශ ල‌ෙණ‌ෙ,ප්‍රධානි සිවරක්ඛිතගේ ල‌ෙණ‌.
175,539,539 [2] මනශ ල‌ෙණ‌ෙ ශගශ දිනෙ,මානගේ ල‌ෙණ‌ සංඝයාට දෙන ලදී.
176,544,544 [7] ගමික-තිශ-පුතහ බත-තිශමිතහ ල‌ෙණ‌ෙ,ගම් ප්‍රධානි තිස්සගේ පුත් වන ප්‍රධානි තිස්සමිත්තගේ ල‌ෙණ. ‌
177,545,545 [8] බමණ-අතිමතකහ ල‌ෙණ‌ෙ (ශගශ),බ්‍රාහ්මණ අතිමතකගේ ල‌ෙණ‌ සංඝයාට [දෙන ලදී].
178,546,546 [9] ගපති-මණිකර තිශහ ල‌ෙණ‌ෙ ශගශ,"ගෘහපති,මැණික්කරු තිස්සගේ ල‌ෙණ‌ සංඝයාට [දෙන ලදී]."
179,570,570 [15] ශුමනගුත-තෙරශ ලෙණෙ ශගශ,සුමනගුත්ත තෙරුණ්ගේ ලෙණ සංඝයාට [දෙන ලදී].
180,571,571 [16] සුමනගුත-තෙරහ ලෙණෙ මන[පදශනෙ],සුමනගුත්ත තෙරුණ්ගේ මනාපදස්සන [නම්] ලෙණ.
181,578,578 [3] පරුමක-චුලු-ඣය ගමික-වශබ-ඣිතය උපශික-තිශය ලෙණෙ ශගශ දිනෙ,ප්‍රමුඛ චුලුගේ භාර්යාව වන ගම් ප්‍රධානි වසභගේ දියණිය වන උපාසිකා තිස්සාගේ ලෙණ සංඝයාට දෙන ලදී.
182,580,580 [5] ගණක-රොහකශ ලෙනෙ ශගශ නියතෙ,ගණකාධිකාරී රොහකගේ ලෙන සංඝයාට පවරන ලදී.
183,581,581 [6] ගමි[ක] කණ-ඣිතය උපශික තිශය ලෙණෙ ශගශ,ගම් ප්‍රධානි කණ්හගේ දියණිය වන උපාසිකා තිස්සාගේ ලෙණ සංඝයාට [දෙන ලදී].
184,582,582 [7] ගපිති-කුමරතිහ-පුත චුඩ-කුමරහ අශෙ-දෙවහ ලෙණෙ ශගශ,ගෘහපති කුමාරතිස්සගේ පුත් වන චූල කුමාරගේ සහ ආයුෂ්මන්ත දෙවගේ ලෙණ සංඝයාට [දෙන ලදී].
185,583,583 [8] ශොණහ ලෙණෙ ශගශ,සොණගේ ලෙණ සංඝයාට [දෙන ලදී].
186,584,584 [9] දමගුත-තෙරශ ලෙණෙ,ධම්මගුත්ත තෙරුණ්ගේ ලෙණ.
187,585,585 [10] වණිඣ-ශුමනහ ලෙණෙ ශගශ,වෙළඳ සුමනගේ ලෙණ සංඝයාට [දෙන ලදී].
188,586,586 [11] චුඩ-ගමිකහ ලෙණෙ ශගශ,ගම් ප්‍රධානි චුඩගේ ලෙණ සංඝයාට [දෙන ලදී].
189,587,587 [12] ගමික-අබහ ලෙණෙ ශගශ,ගම් ප්‍රධානි අභයගේ ලෙණ සංඝයාට [දෙන ලදී].
190,588,588 [13] මහතිශ-තෙරහ ලෙණෙ,මහාතිස්ස තෙරුණ්ගේ ලෙණ.
191,589,589 [14] බමණ-ශුමහ ලෙණෙ ශගශ,බ්‍රාහ්මණ සුම්මගේ ලෙණ සංඝයාට [දෙන ලදී].
192,591,591 [16] වණිඣ-ශුමනහ ලෙණෙ,වෙළඳ සුමනගේ ලෙණ.
193,593,593 [18] අනුරද-තෙරහ ච තුලදර-පු[ත] ශුමනහ ච මනපදශනෙ,අනුරාධ තෙරුණ්ගේ ද රන්කරු සුමනගේ ද මනාපදස්සන නම් ලෙන.
194,594,594 [19] බත-ශුමනහ පුත-ශුමනහ ශදය ලෙණෙ ශගශ,ප්‍රධානි සුමනගේ සහ ඔහු පුත් සුමනගේ සාමූහික දීමනාවක් වන ලෙණ සංඝයාට [දෙන ලදී].
195,595,595 [20] බත-ශුමනහ ලෙණෙ,ප්‍රධානි සුමනගේ ලෙණ.
196,604,604 [4] අචරිය පරාසරිස ලෙණෙ,අචාර්ය පරාසරිගේ ලෙණ.
197,611,611 [11] බත-ශුමනදතශ ලෙණෙ,ප්‍රධානි සුමනදත්තගේ ලෙණ.
198,616,616 [16] ගපති-යශොපල-පුත ශොනශ ලෙණෙ ශගශ දිනෙ,ගෘහපති යසොපාලගේ පුත් වන සොණගේ ලෙණ සංඝයාට දෙන ලදී.
199,623,623 [4] ගමික-ශිව-පුත ගමික-කබොඣහ ලෙණෙ,ගම් ප්‍රධානි සිවගේ පුත් වන ගම් ප්‍රධානි කම්බොජගේ ලෙණ.
200,626,626 [7] බත-ශිවහ ලෙණෙ ශගශ,ප්‍රධානි සිවගේ ලෙණ සංඝයාට [දෙන ලදී].
201,629,629 [10] පරුමක-මිත-පුත බඩකරික-දතහ,ප්‍රමුඛ මිතගේ පුත් වන භාණ්ඩාගාරික දත්තගේ
202,638,638 [19] ගුතශ ලෙණෙ අග[ත]-අනගත-චතු-දිශ-ශගශ,ගුත්තගේ ලෙණ පැමිණියාවූත් නොපැමිණියාවූත් සතරදෙස සංඝයාට [දෙන ලදී].
203,642,642 [23] තොටගමිය ගපති-ඔඣක-තිශ-පුත උපශක-නට-තිශශ දනෙ ශගශ පදිටිතෙ,"තොටගමිහි ගෘහපති ඔඣක තිස්සගේ පුත් වන උපාසක, නළු-තිස්සගේ පරිත්‍යාගය සංඝයාට පිහිටුවී."
204,656,656 [11] බමණ මරුකුට-ගොතමශ ලෙණෙ අගත-අනගත-චතු-දිශ-ශගශ,බ්‍රාහ්මණ මරුකූටහි ගොතමගේ ලෙණ පැමිණියාවූත් නොපැමිණියාවූත් සතරදෙස සංඝයාට [දෙන ලදී].
205,657,657 [12] බත-වශහ වඩක-ශුවතිය ලෙණෙ,"ප්‍රධානි වම්සගේ, සුවති වඩුවාගේ ලෙණ."
206,658,658 [13] පරුමක-චෙම-පුත පරුමක-පුශදෙවහ ලෙණෙ යෙ,ප්‍රමුඛ චෙමගේ (ක්ශේම) පුත් වන ප්‍රමුඛ ඵුස්සදේවගේ ලෙණ මෙයයි.
207,659,659 [14] ගමික-උතර-පුත ගමික-පුශදෙවහ ලෙණෙ මනපදශනෙ ශගශ,ගම් ප්‍රධානි උත්තරගේ පුත් වන ගම් ප්‍රධානි ඵුස්සදේවගේ මනාපදස්සන නම් ලෙණ සංඝයාට [දෙන ලදී].
208,668,668 [8] පුණ-තෙරහ ශදිවිහරිය බත-ශගරකිතහ ලෙණෙ ශගශ,පුණ්ණ තේරුණ්ගේ ශිෂ්‍ය ප්‍රධානි සංඝරක්ඛිතගේ ලෙණ සංඝයාට [දෙන ලදී].
209,670,670 [10] චුඩ-බුදරකිත-තෙරහ අතෙවශික බත-තිශහ [ලෙණෙ],චූළ-බුද්ධරක්ඛිත තෙරුණ්ගේ අතවැසි වූ ප්‍රධානි තිස්සගේ ලෙණ.
210,673,673 [2] ගණක-රකිය උපශික-තිශය අඝත-අනගත-ශගශ,"ගණකාධිකාරී රකිගේ [ලෙන], සහ උපාසිකා තිස්සාගේ, පැමිණියාවූත් නොපැමිණියාවූත් සංඝයාට [දෙන ලදී]."
211,675,675 [2] උපශක-දතහ ලෙණෙ,උපාසක දත්තගේ ලෙණ.
212,680,680 [7] චුඩ-දතහ ලෙණෙ ශගශ,චුලදත්තගේ ලෙණ සංඝයාට [දෙන ලදී].
213,681,681 [8] උපශක-නදහ ලෙණෙ ශගශ,ගෘහපති නන්දගේ ලෙණ සංඝයාට [දෙන ලදී].
214,682,682 [9] වශ-තෙරහ ශදිවිහරිය දමගුත-තෙරහ ලෙණෙ,වම්ස තෙරුණ්ගේ ශිෂ්‍ය ධම්මගුත්ත තෙරුණ්ගේ ලෙණ.
215,689,689 [1] බත-කණගුතශ මහසුදශනෙ ලෙණෙ ශගශ,ප්‍රධානි කණ්හගුත්තගේ මහාසුදස්සන නම් ලෙණ සංඝයාට [දෙන ලදී].
216,690,690 [2] ගමික-කණ-පුත ගමික-ශදනශ ලෙණනි ශගශ දිනනි,ගම් ප්‍රධානි කණ්හගේ පුත් වන ගම් ප්‍රධානි සදනගේ ලෙණ් සංඝයාට දෙන ලදී.
217,692,692 [1] ගපති-රෙතශ ලෙණෙ ය,ගෘහපති රෙතගේ ලෙණ වෙයි.
218,693,693 [2] උපශක-ශමුදහ ලෙණෙ ශගශ,උපාසක සමුද්දගේ ලෙණ සංඝයාට [දෙන ලදී].
219,695,695 [4] උපශක-කචලිය ලෙණෙ,උපාසක කචලිගේ ලෙණ.
220,700,700 [10] දෙවරකිතශ ච දමතෙරශ ච ලෙණෙ,දේවරක්ඛිත සහ ධම්ම තෙරුණ්ගේ ලෙණ.
221,701,701 [1] බත-ශුරිගුතහ ලෙණෙ,ප්‍රධානි සුරියගුත්තගේ ලෙණ.
222,710,බත-කුමරදතශ ලෙණෙ ශගශ දිනි,ප්‍රධානි කුමාරදත්තගේ ලෙණ සංඝයාට දෙන ලදී.
223,711,711 ගපති-කුණික-තිශ-පුත උපශක-යහශිය ලෙණෙ,ගෘහපති කුණිකතිස්සගේ පුත් වන උපාසක යසස්සිගේ ලෙණෙ.
224,712,712 පරුමක-පුලය-පුත පරුමක-උතර-පුත පරුමක-දතශ කුමි ලෙණෙ ච ශගශ දිනෙ,ප්‍රමුඛ පුලයගේ පුත් වූ ප්‍රමුඛ උත්තරගේ පුත් වන ප්‍රමුඛ දත්තගේ කුඩා දිය පොකුණ සහ ලෙණෙ සංඝයාට දෙන ලදී.
225,714,714 [1] බත-දිනශ ලෙණෙ ශුදශනෙ ශගශ,ප්‍රධානි දින්නගේ ලෙණ. සුදස්සන [නම්] සංඝයාට [දෙන ලදී].
226,715,715 [2] පුශගුත-තෙරෙන ඛරපිතෙ ලෙණෙ ධශදිශතො ශගශ ඵරිබොගයෙ ධිනෙ,ඵුස්සගුත්ත තෙරුන් විසින් කරවන ලද ලෙණ දසදිසාවෙහි සංඝයාගේ පරිභෝජනය සඳහා [දෙන ලදී].
227,716,716 [3] මිතගුත-තෙරශ දනෙ අගත-අනගත ශගශ දිනෙ,මිත්තගුත්ත තෙරුණ්ගේ පරිත්‍යාගය පැමිණියාවූත් නොපැමිණියාවූත් සංඝයාට දෙන ලදී.
228,717,717 [4] බත-දමරකිතෙන කරපිතෙ ශගශ,ප්‍රධානි ධම්මරක්ඛිත කරවන ලද [ලෙන] සංඝයාට [දෙන ලදී].
229,718,718 [5] බත-නගශ ලෙණෙ ශගශ දිනෙ,ප්‍රධානි නාගගේ ලෙණ සංඝයාට දෙන ලදී.
230,719,719 [1] ගමික-රෙතහ ලෙණෙ ශගශ,"ගම් ප්‍රධානි රෙතගේ (රේවත) ලෙණ, සංඝයාට [දෙන ලදී]."
231,722,722 [4] පරුමක-දතහ ලෙණෙ ශගශ,ප්‍රමුඛ දත්තගේ ලෙණ සංඝයාට [දෙන ලදී].
232,723,723 පරුමක-දනමිතශ ලෙණෙ,ප්‍රමුඛ ධනමිත්තගේ ලෙණ.
233,726,726 [3] පුගියන ලෙණෙ ශගශ දිනෙ,ශ්‍රේණි සාමාජිකයින්ගේ ලෙණ සංඝයාට දෙන ලදී.
234,728,728 [5] ශුමනගුතහ ලෙණෙ,සුමනගුත්තගේ ලෙණ.
235,729,729 [6] ච ලෙ ගණක ........... ච ලෙ තිශහ ච ලෙණෙ,............... සහ ගණකාධිකාරී තිස්සගේ ලෙණ.
236,730,730 [7] ගමික-තින ලෙණෙ,ගම් ප්‍රධානි තිනගේ ලෙණ.
237,731,731 [8] බත-පුශහ ලෙණෙ චතු-දි[ශ] ශගශ,ප්‍රධානි ඵුස්සගේ ලෙණසතරදෙස සංඝයාට [දෙන ලදී].
238,732,732 [9] ශුමන-තෙරහ ච නුගුය-තෙරහ ච ලෙණෙ,සුමන තෙරුණ්ගේ සහ නුගුය තෙරුණ්ගේ ලෙණ.
239,735,735 [2] පෙළ හා අර්ථය පෙර ලිපිය හා සමාන වෙයි.,
240,741,741 [2] ශගශ දිනෙ උපශක-ශුමනශ ලෙණෙ,සංඝයාට දෙන ලද්දේ උපාසක සුමනගේ ලෙණ වෙයි.
241,756,756 [1] රඣ-ශිවශ දනෙ වශ-තෙරශ ලෙණෙ,සිව රජුගේ පරිත්‍යාගය; වංස තෙරුණ්ගේ ලෙණ.
242,765,765 [1] ............. [පු]ත-පුශදෙවශ ලෙණෙ ශගශ,............... පුත් වන ඵුස්සදේවගේ ලෙණ සංඝයාට [දෙන ලදී].
243,772,772 ශගශ පරුමක-පුශ-පුත පරුමක-ශුදෙවහ ලෙණෙ,සංඝයාට ප්‍රමුඛ ඵුස්සගේ පුත් වන ප්‍රමුඛ සුදෙවගේ ලෙණ.
244,783,783 [2] උපශක-මෙරය-තිශහ ලෙණෙ ශගශ නියතෙ,උපාසක මොරිය තිස්සගේ ලෙණ සංඝයාට දෙන ලදී.
245,800,800 [1] ගපති-උපශක රකි-පුත-බත-තිශහ ලෙණෙ අගත-අනගත චතු-දිශ-ශගශ,ගෘහපති උපාසක රකිගේ පුත් වන ප්‍රධානි තිස්සගේ ලෙණ පැමිණියාවූත් නොපැමිණියාවූත් සතරදෙස සංඝයාට දෙන ලදී.
246,801,801 [2] පරුමක-රොක-පුත පරුමක-තිශ-පුත පරුමක-ශදීලශ ලෙණෙ අගත-අනගත-චතු-දිශ-ශගශ,ප්‍රමුඛ රොකගේ පුත් වන ප්‍රමුඛ තිස්සගේ පුත් වූ ප්‍රමුඛ සදිලගේ ලෙණ පැමිණියාවූත් නොපැමිණියාවූත් සතරදෙස සංඝයාට [දෙන ලදී].
247,804,804 [2] පරුමක-උතර-පුත පරුමක-අනුඩිය ලෙණෙ,ප්‍රමුඛ උත්තරගේ පුත් වන ප්‍රමුඛ අනුඩිගේ ලෙණ.
248,809,809 [2] දමරකිතශ ලෙණෙ ශගශ,ධම්මරක්ඛිතගේ ලෙණ සංඝයාට [දෙන ලදී].
249,814,814 [1] පොචනි-රඣ-නගයහ ඣය බමණ-කොඣර-ඣිතය උපශික-දතය ලෙණෙ,පොචනි රජ නාගගේ භාර්යාව වූ බ්‍රාහ්මණ කොඣරගේ දියණිය වන උපාසිකා දත්තාගේ ලෙණ.
250,816,816 [3] පරුමක-අනුරදශ දනෙ [ශි]ල-පශදෙ ශගයෙ දිනෙ,ප්‍රමුඛ අනුරාධගේ පරිත්‍යාගයක් වන ශෛල පාසාදය සංඝයාට [දෙන ලදී].
251,817,817 [4] ඉදශල-ගු[හ] ශගශ,ඉන්දසාල-ගුහා [නම් ගුහාව] සංඝයාට[දෙන ලදී].
252,824,824 [2] පටල-ශුමනහ ලෙණෙ,පටල සුමනගේ ලෙණ.
253,831,831 [1] පචින-රඣ-පුත-තිශයහ ලෙණෙ අගත-අනගත-චතු-දිශ-ශගශ දිනෙ,පාචීන රජුගේ පුත් වන තිස්ස කුමරුගේ ලෙණ පැමිණියාවූත් නොපැමිණියාවූත් සතරදෙස සංඝයාට දෙන ලදී.
254,844,844 [10] ගහපති-ශතහ ලෙණෙ ශගශ,ගෘහපති සාතගේ ලෙණ සංඝයාට [දෙන ලදී].
255,845,845 [11] අනද-තෙරශ ශදිවිහරියන ලෙණෙ,ආනන්ද තෙරුණ්ගේ සද්ධිවිහාරිකයින්ගේ ලෙණ.
256,847,847 [13] පරුමක-චීරෙචෙ-ශුමනහ ලෙණෙ,ප්‍රමුඛ චිරෙචේ සුමනගේ ලෙණ.
257,848,848 [14] පරුම[ක-සො]ණහ ලෙ[ණෙ] ශගශ,ප්‍රමුඛ සොණාගේ ලෙණ සංඝයාට [දෙන ලදී].
258,850,850 [16] දමරකිත-තෙරහ ලෙණෙ ශගශ දිනෙ,ධම්මරක්ඛිත තෙරුණ්ගේ ලෙණ සංඝයාට දෙන ලදී.
259,851,851 [17] බත-දමරකිතහ නව ලෙණකෙ,ප්‍රධානි ධම්මරක්ඛිතගේ ලෙණ් නවය.
260,852,852 [18] තිශගුත-තෙරහ ශදිවිහරිය බත-මඣිම-බණක-තිශහ ලෙණෙ ශුදශනෙ අගත-අනගත-චතු-දිශ-ශගශ,තිස්සගුත්ත තෙරුණ්ගේ ශිෂ්‍ය වූ මජ්ඣිම [නිකාය] දේශක ප්‍රධානි තිස්සගේ ලෙණ පැමිණියාවූත් නොපැමිණියාවූත් සතරදෙස සංඝයාට [දෙන ලදී].
261,859,859 [25] නගදතහ,නාගදත්තගේ.
262,861,861 [1] මහතිශහ ලෙණෙ,මහාතිස්සගේ ලෙණ.
263,862,862 [2] බත-දමශෙනෙ ලෙණෙ,ප්‍රධානි ධම්මසෙනගේ ලෙණ.
264,863,863 [3] බත-පුශගුතශ ලෙණෙ,ප්‍රධානි ඵුස්සගුත්තගේ ලෙණ.
265,864,864 ඣමත-චුඩහ ගපති-පුශහ චුඩහ පුත මහතිශහ ලෙණෙ ශගශ,"චුඩගේ ලෙණ සංඝයාට දෙන ලදී, ගෘහපති ඵුස්සගේ සහ චුඩගේ පුත් වන මහාතිස්සගේ."
266,867,867 [1] පරුම[ක] කඩිය පුත ..........,ප්‍රමුඛ කඩිගේ පුත් ............
267,868,868 [2] පරුමක-තිරි-පුත-අබිඣිය ලෙණෙ,ප්‍රමුඛ තිරිගේ පුත් වන අභිජිත්ගේ ලෙණ.
268,869,869 [3] පරුමක-නගුලිය ලෙණෙ,ප්‍රමුඛ නගුලිගේ (ලාංගලී) ලෙණ.
269,870,870 [4] පරුමක-තිශ-පුත බමදතහ ලෙණෙ,ප්‍රමුඛ තිස්සගේ පුත් බ්‍රහ්මදත්තගේ ලෙණ.
270,872,872[6] උපශක-උතරහ ලෙණෙ,උපාසක උත්තරගේ ලෙණ.
271,875,875 [1] අබහ ච ඣය රුලය ච ලෙ[ණෙ],අභයගේ ද [ඔහුගේ] භාර්යාව රුලගේ ලෙණ.
272,876,876 [2] බත-තිශහ ලෙණෙ,ප්‍රධානි තිස්සගේ ලෙණ.
273,877,877 [3] ශුමනගුත-තෙරහ ලෙණෙ අගත-අනගත-චතු-දිශ-ශගශ,සුමනගුත්ත තෙරුණ්ගේ ලෙණ පැමිණියාවූත් නොපැමිණියාවූත් සතරදෙස සංඝයාට [දෙන ලදී].
274,878,878 [4] පරුමක-දුටික-තිශහ ලෙණෙ ශගශ,ප්‍රමුඛ දුටික තිස්සගේ ලෙණ සංඝයාට [දෙන ලදී].
275,880,880 [6] ගමික-වෙල-ඣිත දමය ලෙණෙ ශගශ,ගම් ප්‍රධානි වෙලගේ දියණිය වන ධම්මාගේ ලෙණ සංඝයාට [දෙන ලදී].
276,885,885 [2] අගියහ ලෙණෙ,අග්ගිගේ ලෙණ.
277,906,906 [1] උපශක-ශිවහ ගපිති-චිතහ,උපාසක සිවගේ ; ගෘහපති චිත්තගේ.
278,914,914 [2] ගමික-ශිව-පුත ගමික-කණතිශහ ලෙණෙ,ගම් ප්‍රධානි සිවගේ පුත් වන ගම් ප්‍රධානි කණ්හ තිස්සගේ ලෙණ.
279,915,915 [3] තිශගුත-තෙරශ ලෙණෙ,තිස්සගුත්ත තෙරුණ්ගේ ලෙණ.
280,918,918 [6] බත-පුශහ ලෙණෙ ශගශ,ප්‍රධානි ඵුස්සගේ ලෙණ සංඝයාට [දෙන ලදී].
281,922,922 [10] පරුමක-උදයහ නගදතහ ලෙණෙ ශගශ,ප්‍රමුඛ උදයගේ [සහ] නාගදත්තගේ ලෙණ සංඝයාට [දෙන ලදී].
282,924,924 [12] පරුමක-තිශ-පුත පරුමක-ශොණශ,ප්‍රමුඛ තිස්සගේ පුත් වන ප්‍රමුඛ සොණගේ [ලෙණ].
283,926,926 [14] රොණිගුත-තෙරශ අතිවශික බත-ශොණගුතහ ලෙණෙ,රොහිණිගුත්ත තෙරුන්ගේ ශිෂ්‍ය ප්‍රධානි සොණගුත්තගේ ලෙණ.
284,927,927 [15] අශ-බුදරකිතශ ලෙණෙ,ආයුෂ්මත් බුද්ධරක්ඛිතගේ ලෙණ.
285,928,928 [16] පරුමක-[චෙ]මහ ලෙණෙ ශගශ,ප්‍රමුඛ චෙමගේ ලෙණ සංඝයාට [දෙන ලදී].
286,929,929 [17] උපශක-ශොණහ ලෙණෙ,උපාසක සොණාගේ ලෙණ.
287,930,930 [18] බත-ගුතහ ලෙණෙ ශගශ,ප්‍රධානි ගුත්තගේ ලෙණ සංඝයාට [දෙන ලදී].
288,931,931 [19] පරුමක-ශුමන-පුත බත-උතරිහ,ප්‍රමුඛ සුමනගේ පුත් වන ප්‍රධානි උතරිගේ ලෙණ.
289,958,958 උතියහ අයක පරුමක-නග-කුලහ ලෙණෙ ශගශ,උති කුමරුගේ අදායම් පාලක ප්‍රමුඛ නාගගේ කුලයේ ලෙණ.
290,980,980 [1] ගමික-කුබිලිය ලෙණෙ අගත-අනගත චතු-දි[ශ]-ශගශ,ප්‍රමුඛ කුබිලිගේ ලෙණපැමිණියාවූත් නොපැමිණියාවූත් සතරදෙස සංඝයාට [දෙන ලදී].
291,989,989 [3] බරත-සුඣත-කරිත-ලෙණනි,ප්‍රධානි සුජාත කරවන ලද ලෙණ්.
292,991,991 [5] අචිරිය-කණගුතශ ලෙණෙ,ආචාර්ය කණ්හගුත්තගේ ලෙණ.
293,997,997 [4] [මි]නමතහ ලෙණෙ,මීන ඇමතිගේ ලෙණ.
294,1008,1008 [15] පරුමක-තිශ-පුත පරුමක-නගහ ලෙණෙ අගත-අනගත චතු-දිශ-ශගශ,ප්‍රමුඛ තිස්සගේ පුත් වන ප්‍රමුඛ නාගගේ ලෙණ පැමිණියාවූත් නොපැමිණියාවූත් සතරදෙස සංඝයාට [දෙන ලදී].
295,1017,1017 [24] කණිකණටිය-ගමික-තිශ-පුත ගමික-දරක-තිශහ ලෙණෙ අගත-අනගත චතු-දිශ-ශගශ,කණිකණටිය හි ගම් ප්‍රධානි තිස්සගේ පුත් වන ගම් ප්‍රධානි දාරක තිස්සගේ ලෙණ පැමිණියාවූත් නොපැමිණියාවූත් සතරදෙස සංඝයාට [දෙන ලදී].
296,1027,1027 [10] දෙවනපිය-මහරඣ ගමණි-අබයශ පුත තිශයශ ලෙණෙ තිපණගහෙ අගත-අනගත-චතු-දිසික-ශඝශ (සංකේත අංක 2 සහ 6 පෙළට පහළින් දක්වා ඇත).,"තිස්ස කුමරුගේ ලෙණ, ආදී වශයෙන්."
297,1028,1028 [11] මහරඣහ පුත තිශයහ බරියන ලෙණෙ සවතොභදෙ අගත-අනගත-චතු-දිශික-ශඝශ,මහරජුගේ පුත් වන තිස්ස කුමරුගේ භාර්යාවන්ගේ සවතොභද [නම්] ලෙණ පැමිණියාවූත් නොපැමිණියාවූත් සතරදෙස සංඝයාට [දෙන ලදී].
298,1029,1029 [12] පරුමක-දතහ ලෙණෙ දෙවරමණ ශගශ,ප්‍රමුඛ දත්තගේ දෙව‍රමණ [නම්] ලෙණ සංඝයාට [දෙන ලදී].
299,1030,1030 [13] පරුමක තිශ ...........,ප්‍රමුඛ තිස්ස............
300,1031,1031 උපශක-ශුමනහ ලෙණෙ පටිබනකුටෙ ශගශ,උපාසක සුමනගේ පටිභානකූට [නම්] ලෙණ සංඝයාට [දෙන ලදී].
301,1035,1035 [1] මහරඣහ පණිත-බඩකරික පරුමක-ශුමනහ,මහරජු පත්කළ භාණ්ඩාගාරික සුමනගේ [ලෙන].
302,1037,1037 [3] බම-නගර-බොඣික පරුමක-රොණහ ලෙණෙ,බම නගරය භුක්තිවිඳින්නා වූ ප්‍රමුඛ රොහණගේ ලෙණ.
303,1038,1038 [4] ගපති-මුල-පුතහ උපශක-ශොණහ ලෙණෙ,ගෘහපති මූලගේ පුත් වන උපාසක සොණගේ ලෙණ.
304,1039,1039 [5] උපශක-මහනගහ ච උපශක-තිශහ ච ලෙ[ණෙ].,උපාසක මහානාගගේ සහ උපාසක තිස්සගේ ද ලෙණ.
305,1041,1041 [7] ගමික-මඣිමහ පුත ගමික-මිතහ ලෙණෙ,ගම් ප්‍රධානි මජ්ඣිමගේ පුත් වන ගම් ප්‍රධානි මිත්තගේ ලෙණ.
306,1060,1060 [2] මහරඣශ දෙවනපියහ අචිරිය බමණ-ගොබුතිය ලෙණෙ,දෙවියන්ට ප්‍රියවූ මහරජුගේ ආචාර්ය බ්‍රාහ්මණ ගොභූතිගේ ලෙණ.
307,1065,1065 [7] බමණ-පුශක-පුතහ පුනශුගුතහ ලෙණෙ,බ්‍රාහ්මණ ඵුස්සකගේ පුත් වන පුනභසුගුත්තගේ ලෙණ.
308,1066,1066 [8] බුදරකිත-තෙරහ ලෙණෙ ම[හ] .............,"බුද්ධරක්ඛිත තෙරුණ්ගේ ලෙණ, [නම්] ම................."
309,1067,1067 [9] අශිය ශිවබුතිය ලෙණෙ,ආයුෂ්මත් සිවභූතිගේ ලෙණ.
310,1068,1068 [10] පුශ-තෙරහ කරිතෙ ශගශ,ඵුස්ස තෙරුණ් කරවන ලද [ලෙන] සංඝයාට [දෙන ලදී].
311,1069,1069 [1] බත-ශිවබුති ච පරුමක-[ශු]මන ගුතහ ච ශදය ලෙණෙ,ප්‍රධානි සිවභූති ගේ සහ ප්‍රමුඛ සුමනගුත්තගේ ද සම දීමනාව වූ ලෙණ.
312,1070,1070 [2] උපශක-ගණක-බුතහ ලෙණෙ ශගශ,උපාසක ගණකාධිකාරී භූතගේ ලෙණ සංඝයාට [දෙන ලදී].
313,1071,1071 [3] පරුමක-ශුකද-කුලහ ලෙණෙ,ප්‍රමුඛ සුඛදගේ පවුලේ ලෙණ.
314,1072,1072 [4] දමරකිත-තෙරහ ලෙණෙ ශගශ,ධම්මරක්ඛිත තෙරුණ්ගේ ලෙණ සංඝයාට [දෙන ලදී].
315,1075,1075 [1] බත-ශුමනහ ලෙණෙ,ප්‍රධානි සුමනගේ ලෙණ.
316,1078,1078 [4] වදශ ලෙණෙ,වාදගේ ලෙණ.
317,1079,1079 [5] දතහ ලෙණෙ,දත්තගේ ලෙණ.
318,1081,1081 [1] උපශික-කශබිය ලෙණෙ ශගශ,උපාසිකා කස්සපිගේ ලෙණ සංඝයාට [දෙන ලදී].
319,1084,1084 [2] බත-දෙවහ ලෙණෙ,ප්‍රධානි දෙවගේ ලෙණ.
320,1085,1085 [3] පරුමක-නගහ ලෙණෙ,ප්‍රමුඛ නාගගේ ලෙණ.
321,1086,1086 [4] (1) උපශික-ශුබගය ශගශ පරුමක ශුමහ,උපාසිකා සුභාගාගේ [ලෙන] සංඝයාට [දෙන ලදී]. [තවද]ප්‍රමුඛ සුම්මගේ.
322,1087,1087 [5] චුඩතිශහ ලෙණෙ ශගශ,චූලතිස්සගේ ලෙණ සංඝයාට [දෙන ලදී].
323,1088,1088 [1] (1) පරුමක-ශුමන-පුතහ චුඩ-ශුමනහ ලෙණෙ(2) බත-තිශගුතහ ච ලෙණෙ,ප්‍රමුඛ සුමනගේ පුත් වන චූළ සුමනගේ ලෙණ ; ප්‍රධානි තිස්සගුත්තගේ ද ලෙණ.
324,1090,1090 [3] ඣිත-තෙරහ මහශුදශනෙ උපශික-තිශය තෙරහ  නග ලෙණෙ,"ජිත තෙරුණ්ගේ මහාසුදස්සන නම් ලෙණ, සහ උපාසිකා තිස්සාගේ, තෙරුණ්ගේ බාල සහෝදරියගේ."
325,1093,1093 [6] බත-ශොණහ ලෙණෙ,ප්‍රධානි සොණගේ ලෙණ.
326,1094,1094 [7] ගමික-තිශහ,ගම් ප්‍රධානි තිස්සගේ.
327,1097,1097 [10] පරුමක-ශිවහ ච බත-අයිමරහ ච ලෙණෙ,ප්‍රමුඛ සිවගේ ද ප්‍රධානි අයිමරගේ ද ලෙණ.
328,1103,1103 [1] මහරඣහ ඣිත මහබිය ලෙණෙ අගත-අනගත චතු-දිශ-ශගශ නියතෙ,මහරජුගේ දියණිය වන මහබිගේ ලෙණ පැමිණියාවූත් නොපැමිණියාවූත් සතරදෙස සංඝයාට පවරා දෙන ලදී.
329,1155,1155 උපසක-වසහ ලෙණෙ සග නියතෙ,උපාසක වසගේ ලෙණ සංඝයාට පවරා දෙන ලදී.
330,1171,1171 [පරුමක]- යකදතහ පුතහ පරුමක-වහබහ ලෙණෙ චතු-දිසික-සගස නියතෙ,ප්‍රමුඛ යාගදත්තගේ පුත් වන ප්‍රමුඛ වසභගේ ලෙණ සතරදෙස සංඝයාට පවරා දෙන ලදී.
331,1172,1172 [1] තිශ-තෙරහ ලෙණෙ චදු-දිසික බිකු-සගයෙ නියතෙ පිතහ උපසක-නකහ ලෙණෙ,තිස්ස තෙරුණ්ගේ ලෙණ සතරදෙස භික්ෂු සංඝයාට පරිත්‍යාග කරන ලදී. උපාසක නාගගේ පියාණන්ගේ ලෙණ.
332,1188,1188 [2] පරුමක-තිසහ ලෙණෙ සගස,ප්‍රමුඛ තිස්සගේ ලෙණ සංඝයාට [දෙන ලදී].
333,1191,1191 සුම-තෙරහ ............,සුම්ම තෙරුණ්ගේ ............
334,1203,1203 [2] සිදම් [|] මයහල-වසික ............,යහපතක් වේවා !මයහල හි වාසය කරන ...........
335,1221,1221 [5] පරුමක-චිතහ ලෙණෙ සගස,ප්‍රමුඛ චිත්තගේ ලෙණ සංඝයාට [දෙන ලදී].
336,1231,1231 අමතෙ-වහිටිමතහ ලෙණෙ,අමාත්‍ය වහිටිමතගේ ලෙණ.
337,1232,1232 උපසික-හුමය ලෙණෙ,උපාසිකා සුම්මාගේ ලෙණ.