No,සෙල්ලිපි අංකය,අක්ෂර පරිවර්තනය
1,6,තිශ-ශමනිය ලෙ​නෙ ශගශ
2,8,උපශික-තිශය ලෙනෙ
3,35,මනපදශනෙ තිශබුතිය
4,45,ශුමනගුතශ ලෙනෙ ශගශ
5,55,ශොණගුත-තෙරශ ලෙණෙ ශගශ
6,63,බඩකරික-පරුමක-සෙනහ ලෙණෙ සගස
7,69,පකර-අදෙක ශමුදහ ලෙණෙ ශගශ
8,74,(1) මණිකර-මලගුතහ(2) පදග[ඩිනි]
9,104,[1] පරුමක-උති-පුතහ පරුමක-ශුමහ ලෙණෙ ශගශ
10,123,[4] ගපති-වෙලු-පුතන තිණි-බතිකණ ශගශ බත-දතහ ලෙණෙ
11,127,[8] (1) පරුමක-චනිශත-ශුමන-පුතහ පරුමක-පටකණ-ශතශ(2) ශගස
12,128,[10] බත-නගහ ලෙණෙ
13,129,[12] පරුමක-තිශ-පුතහ ලෙණෙ ශගශ දුතකහ
14,131,[9] බත-නගහ ලෙණෙ ශගශ මතලිගමික-පුත ගමික-තිශහ ලෙණෙ
15,132,[13] බත-නගහ ලෙණෙ ශගශ
16,133,[14] [න]ගහ ලෙණෙ ශගශ
17,137,බරත-තිශ-ගුතහ ලෙණෙ ශගශ
18,143,[1] ගපති-ගුටක-තිශ-පුතහ යටි-උතිරික-මහතිශහ ලෙණෙ
19,147,[1] බත-අබිඣිගුතහ ලෙණෙ
20,148,[2] පරුමක-දත-ඣිත පරුමක-බගිනිය-නදිකශ ඣය පරුමකලු-ශමණය ලෙණ‌ෙ අගත-අනගත චතු-දිශ-ශගශ දිනෙ
21,150,[4]ගමික-නග-පුත-ශුමනහ ලෙණ‌ෙ පටකෙ ශයෙ
22,151,[5] (1) ශුමන-තෙරහ ලෙණ‌ෙ(2) ශගශ
23,152,[6] පරුමක-ශිවහ ලෙණ‌ෙ චතු-[දි]ශ-ශගශ
24,153,[7] පරුමක-ශිවහ ලෙණ‌ෙ ශගශ
25,155,[9] අනද-තෙරහ ලෙණ‌ෙ ශගශ
26,160,[14] චලල-ලෙණ‌ෙ නම අගත-අනගත-චතු-දිශ-ශගශ
27,162,(1) පරුමක-ශබ-පුත උපශක-රකිය ලෙණ‌ෙ(2) අගත-අනාගත- (3) චතු-දිශ-ශගශ
28,163,පරුමක-ශොණහ ශගශ
29,167,[2] (1) බත-මිතදෙවහ ලෙණ‌ෙ(2) බත-මිතදෙවහ ලෙණ‌ෙ මනපදශනෙ අගත-අනගත චතු-දිශ-ශගශ දිනි
30,168,[3](1) එරකපි-ගමික-පුත ගමික තිශ-පුති උතිය ලෙණ‌ෙ අගත-අනගත-චතු-දිශ-ශගශ දිනි(2) දමරඣශ උපට (සංකේත අංක15සහ16b)
31,169,[4] පරුමක-වෙලු-පුතන ලෙණ‌ෙ අගත-අනගත චතු-දිශ-ශගශ
32,170,[1] පරුමක-උපලි-පුත පරුමක-චතහ ලෙණ‌ෙ
33,174,[5] පරෙමක-ඉශිගුතහ ලෙණ‌ෙ ශගශ
34,178,[2] දනතක-ගමික-පුත ගමික-තිශහ ඣය උපශික-මගිලය ලෙණ‌ෙ ශගිකෙ
35,179,[3] බත-උතිය ලෙණ‌ෙ
36,180,[4] පරුමක ශුමන-පුත පරුමක රශුමිලිය ලෙණ‌ෙ ශගශ
37,181,[5] උපශික-පරිඣය ලෙණ‌ෙ ශගශ
38,187,[1] ගමික-තිශ-පුත ගමික-මලිය ලෙණ‌ෙ ශගශ
39,201,[2] ගණශ ලෙණ‌ෙ ශගශ
40,202,ගපති-උතර-පුත පුශ-මලන ලෙණ‌ෙ
41,204,[1] පරුමක-පුස-ගුත පිගල-සුමනහ
42,206,[1]  (1) පරුමක-වශුදත-පුත පුශහ පදගඩ-කම කර(පි)ත
43,210,ගපති-ශුබගහ ලෙණ‌ෙ
44,212,[2] ගණක-චලි-තිශ-පුත පරුමක-තිශහ ලෙණ‌ෙ
45,213,[3] ශිලා ලේඛනය සහ එහි අර්ථය සෙල්ලිපි අංක212හා සමාන වෙයි.
46,215,[5] යශ-තෙරශ ච ගපති-චුඩ-ශිව-පුතා කොටගරික-චුලහ ච ලෙණ‌ෙ ශගශ
47,216,[6] පරුමක පොල-ශමුදහ ලෙණ‌ෙ
48,217,[7] දනියශ ලෙණ‌ෙ
49,218,[8] බත-දමුතරහ
50,221,[11] බත-පුශහ [ස]දිවිහරි-තිශහ ලෙණ‌ෙ
51,225,[15] බත-උපතිශ-තෙරහ ලෙණ‌ෙ
52,226,[16] පුශ-තෙරහ ච කොටගරික-උතරහ ච ලෙණ‌ෙ ශගශ
53,227,[17] ගපති-රකි[ත]ශ පුත උපලිය ලෙණ‌ෙ ශගශ
54,238,[3]පරුමක-අනුඩි-පුත පරුමක-උතිය ලෙණ‌ෙ ශගශ
55,239,[4] තිශ-තෙරශ දනෙ ශගශ
56,241,බත-නදහ ලෙණ‌ෙ
57,242,[7] බමණ-උතර-පුත-ගුතහ ලෙණ‌ෙ
58,245,[10] බඩකරික-මඣිමහ ලෙණ‌ෙ ශගශ
59,246,[11] පරුමක-ශෙනහ ලෙණ‌ෙ ශගශ
60,249,[1] අශි-පුශගුතශ
61,250,[2] පරුමක-කුතරගය-වෙලුහ ලෙණ‌ෙ
62,252,[2] බුදරකිත-තෙරශ ශුපදිටි
63,254,[4] තිස-තෙරහ ලෙණ‌ෙ ශගශ
64,255,බත-මහදතහ මනපදශනෙ
65,256,[6] බත-ශුමනගුතහ ලෙණ‌ෙ
66,261,[2] පරුමක- මහරෙතශ පුත පරුමක-නගශ ලෙණ‌ෙ අගත-අනගත-චතු-දිශ-ශගශ දිනෙ
67,265,[6] පරුමක-නග-පුත පරුමක-රෙවෙතශ ලෙණ‌ෙ
68,267,බත-උපතිශහ ලෙණ‌ෙ
69,279,[8] පරුමක-උතර-පුති පරුමක-පුලයශ බරිය උපශික-උතිය ලෙණ‌ෙ
70,280,[9] අශ-(ඣි)තහ ලෙණ‌ෙ ශගශ
71,283,[12] අශය-නදහ ලෙණ‌ෙ ශගශ
72,289,[1] තිශ-අයහ පුත මහ-අයහ අයක ගමික-මහතිශ-මරුමකන ගමික-තිශහ ලෙණ‌ෙ අගත-අනගත-චතු-දිශ-ශගශ පතිටපිටෙ (සංකේත අංක26සහ27)
73,290,[2] පරුමක-දිගතිශ-පුත පරු[මක]ගුතශ ලෙණ‌ෙ
74,291,[3] (1) ගමික-තිශ-පුත ගමික-සමණදතහ (2) ලෙණ‌ෙ
75,293,[5] පරුමක-දිගතිශ-පුත ගුතහ ලෙණ‌ෙ
76,301,[1] ගපති-කබර-මඣිමහ පුත ශිවහ ච ලෙණ‌ෙ ශගශ
77,304,[4] [අ]ය-ශිවහ ලෙණ‌ෙ
78,305,[5] පරුමක-උති-ඣිතය අබි-ශොණය ලෙණ‌ෙ
79,308,[8] අශ-මගශ ලෙණ‌ෙ මනපදශනෙ නම අගත-අනගත-චතු-දිශ-ශගශ
80,310,[10] බත-දතශ ලෙණ‌ෙ ශගශ ගපති-ශුමහ
81,311,[11] බත-ශොණහ ලෙණ‌ෙ අගත-අනගත-චදු-දිශ-ශගශ නියතෙ
82,312,[12] පරුමක-තිශරකිත-පුත පරුමක-නගදිනශ ලෙණ‌ෙ
83,314,[14] (1) වඩියහ තිශහ ශුවතිය(2) තිනි-ඣනහ ලෙණ‌ෙ නියතෙ ශගශ
84,319,[1] පරුමක-තබර-වේලු-ඣිශ තිශ[ය]
85,324,[3] අශ දමගුතහ ලෙණ‌ෙ ශගශ
86,325,[4] බත-අබයහ ලෙණ‌ෙ ශගශ
87,326,[1] දමගුතහ ලෙණ‌ෙ ශගශ
88,327,[2] තිශ-තෙරහ අතෙවශික ශුඅමන-තෙරහ ලෙණ‌ෙ අගත-අනගත-චතු-දී[ශ]-ශගශ
89,328,[3] පරුමක-නදික-පුතශ පරුමක-මිතශ ලෙණ‌ෙ අගත-අනගත-චතු-දිශ-ශගශ දිනෙ
90,329,[4] (1) පරුමක-හදකහ බැරිය උපශික-නගය ච පුතා උපශක-තිශහ ච උපශක දෙවහ ච(2) ලෙණ‌ෙ අගත-අනගත-චතු-දිශ-ශගශ නියතෙ
91,330,[5] තිශගුත-තෙරශ ශදිවිහරිය බරත-මඣිමබණක තිශහ ලෙණ‌ෙ ශුදශනෙ අගත-අනගත-චතු-දිශ-ශගශ නියතෙ
92,331,[6] පරුමක-මිත-ඣය පරුමක-ශත-නශත-ඣිත පරුමකලු-පුශය ලෙණ‌ෙ අගත-අනගත-චතු-ශගශ
93,335,[10] බරත-තිශශ ලිණ‌ෙ
94,336,[11] පෙළ සහ අර්ථය අංක 335 ලිපිය හා සමාන වන නමුත් එහි භාවිත කර ඇති 'තිශශ' යන පදය වෙනුවට මෙහි 'තිශහ' ලෙස යොදා ඇත. මෙම ශිලාලේඛනය සාමාන්‍ය අයුරින් වමෙහි සිට දකුණට ලියන ලද්දකි.
95,337,[12] පරුමක-[ශො]ණහ ලෙණ‌ෙ ගමික-තිශහ ලෙණ‌ෙ ශගශ
96,338,[1] රඣ-නග-ඣිත-උති-ඣයඅබි-අනුරදි ච රඣ-උති ච කරපිට ශ‌ෙ ඉම ලෙණ‌ චතු-දිශශ ශගය අගත්-අගතන පශු-විහරයෙ අපරිමිත-ලොකදතුය ශතන ශිත-ශුකයෙ.
97,342,[5] බදිර-මහතිශ-පුත මහ-ශුමනශ ලෙණ‌ෙ
98,343,[6] පරුමක-උති-පුත චුඩි-නගශ ලෙණ‌ෙ
99,345,[8] ගපති-දමශෙන-පුත ශුමන-මලශ ච ගපති-මඣිමතිශ-පුත දිගතිශශ ච ලෙණ‌ෙ
100,352,මගශ ලෙණ‌ෙ
101,353,[16] පරුමක-නුගුය-වෙලු-පුතන ශිගර-මලුශ ච නුගුය-මලුශ ච ලෙණ‌ෙ
102,357,[20] දමෙඩ-වණිඣ ගපති-විශකහ සෙණි-කමෙ
103,365,[28] බත-ශුමනශ ලෙණ‌ෙ ශගශ දිනෙ
104,369,[32] මතුල-බගිනියන ලෙණ‌ෙ අගත-අනගත-චතු-දිශ-ශගශ නියතෙ ශෙ
105,380,පෙළ සහ අර්ථය අංක 2 හා සමාන වෙයි.
106,387,[3] පුශහ බත-නගශ මහචිතශ
107,389,[1] උපරඣ-නග-පුතෙ රඣ-අබයෙ නම තශ පුතෙ ගමණි-තිශෙ නම තෙන කරිතේ ශුදශනෙ ශගශ
108,390,[2] බත-පුශබුතිය ලෙණ‌ෙ ශගශ
109,391,[3] මනොරමෙ ලෙණ‌ෙ බත-ගුතෙන කරිතෙ ශගශ
110,392,[4] බත-දෙවගුතහ බතිකහ ගපති-ශමණහ ලෙණ‌ෙ
111,395,[7] බත-ශුදිනශ ලෙණ‌ෙ ශගශ
112,397,[2] පරුමක-ශදනශ ඣය උපශික-ශුමනය ලෙණ‌ෙ
113,399,[1] බත-රකිය ලෙණ‌ෙ
114,400,[2] උපශක-චුඩහ ලෙණ‌ෙ ශගශ
115,401,[3] ශගශ උපශක-චුඩහ අශිය ශිවහ ශදි ශදය
116,403,පරුමක-වෙ[ල]හ ලෙණ‌ෙ ශගශ
117,404,[2] දෙවනපිය-මහරඣහ ගාමිණි-තිශහ පුත මහතිස-අයහ ලෙණ‌ෙ ශගිකෙ
118,405,උපශක-තිශහ ච ඣය-රෙවය ච ලෙණ‌ෙ ශගශ
119,407,[1] එක-උතිරික-බණක පුශදෙව-තෙරහ මනොරමෙ
120,408,[2] මනොරමෙ (ලෙනෙහි නම)
121,410,[4] බත-තිශ-බුතිය ච බත-කුඩක-තිශහ ච
122,411,[5] වරුණගුතහ ලෙණ‌ෙ ශගශ
123,412,[6] අශිය-අනුඩිය ලෙණ‌ෙ
124,414,[8] ශුමනහ ලෙණ‌ෙ
125,418,[12] අශ-චිතගුතහ අශ-උපතිශහ
126,422,[1] දෙවනපිය-මහරඣ ගමිණි-තිශහ පුත මහ-අයහ ඣය උපශික-යහශිනිය ලෙණ‌ෙ
127,423,[2] දෙවනපිය-මහරඣහ ගමණි-තිශහ පුත මහ-අයහ මහ-ලෙණ‌ෙ
128,424,[3] මහරඣහ දෙවනපියහ ගමණි-තිශහ පුතහ තිශ-අයහ මහ-ලෙණ‌ෙ
129,426,[5] දෙවනපිය-මහරඣහ ගමණි-තිශහ පුතහ තිශ-අයහ ඣය උපශික-ශමිකය ලෙණ‌ෙ
130,430,[9] බත-තිශගුතහ ලෙණ‌ෙ ශිශමුකෙ
131,442,[21] මිටියමත තිශහ ලෙණ‌ෙ
132,443,[22] බත-ශිවබුතිය ලෙණ‌ෙ ශුපදිතිතෙ
133,444,[23] [ච]න[-තිශ]-පවත-ව[ශි ක]-පුශ-තෙරහ ලෙණ‌ෙ
134,445,[24] මෙහි පෙළ අංක [21] ලිපිය හා සමාන වෙයි; 'මත' වෙනුවට 'මුත' භාවිත කර ඇත. දකුණේ සිට වමට කියවිය යුතු වෙයි.
135,448,[27] දමරකිත-තෙර-ශදිවිශරිය බත-ශ...........
136,449,[28] ශිව-තෙරශ ලෙණ‌ෙ
137,450,[29] ශිව-තෙර............
138,451,[30] නගශෙන-තෙරශ ශුදශනෙ
139,453,[32] උපශක-දතශ ලෙණ‌ෙ
140,454,[33] ශුරි-තෙරශ ලෙණ‌ෙ ශගශ
141,455,[34] බුදරකිත-තෙරශ ලෙණ‌ෙ බයබෙරවෙ
142,461,[40] තිශමිත-තෙරශ ලෙණ‌ෙ පුඩලඣකෙ
143,464,[43] තිශමිත-තෙරශ ලෙණ‌ෙ ශගශ
144,465,[44] උපතිශහ ලෙණ‌ෙ
145,469,කුබිර-තෙරහ වනෙ
146,473,[1] දොදශ-ඣනන චදක-ලෙණ‌ෙ
147,475,බත-තිශ-ගුතහ ගමික-චුලහ උපශික-උපලය.............
148,477,පරුමක-වෙල-පුත පරුමක-උතරශ ලෙණ‌ෙ
149,478,[1] මිත-තෙරහ පිතශ උපශක ශිවශ ලෙණ‌ෙ
150,479,[2] ගමික වණ-තිශහ
151,495,පරුමක-තිශ-පුත පරුමකඅදිලිය ලෙණ‌ෙ ශගශ
152,496,[1] පරුමක-ශුමන-පුතශ තිශශ ලෙණ‌ෙ
153,497,[2] පරුමක-මිත-පුත පරුමක-රකිය ලෙණ‌ෙ ශගශ
154,498,[1] (සංකේත අංක18) පරුමක-නදික-පුතශ පරුමක-මිතශ ලෙණ‌ෙ මහශුදශනෙ ශගශ දිනෙ
155,499,[2] බත-පුශගුතශ ය ලෙණ‌ෙ මනපද[ශ]නෙ ලෙණ‌ෙ ශගශ දිනෙ
156,500,[3] ගමික-නග-පුතෙ ගමික-තිශ කරපිතෙ ඉම ලෙණ‌ සෙනපති ඣුවය ශගශ දිනෙ
157,501,[4] බත-ශගරකිතශ ලෙණ‌ෙ පටිබන-කුටෙ ශග[ශ] දිනෙ
158,503,[1] [ශු]ඣත-තෙරහ ලෙණ‌ෙ ශගශ
159,505,
160,506,[4] මුල(ශො)ම-තෙරශ ලෙණ‌ෙ චතු-දිශ-ශගශ
161,507,[5] පරුමක-බතකරක-නග-කුලහ ච ගොති-මතහ ච ලෙණ‌ෙ
162,508,[6] තිශගුත-තෙරහ ලෙණ‌ෙ අගත-අනගත-චතු-දිශ-ශගශ දිනෙ
163,509,[7] ශගරකිත-තෙරශ ලෙණ‌ෙ ශුදශනෙ
164,510,[8] බත-දිනහ ලෙණ‌ෙ සඝහ
165,511,511 [9] බත-ශුමනගුතශ ල‌ෙණ‌ෙ සඝහ
166,512,512 [10] ශුඣත-තෙරශ බතික තිශදත-තෙරහ ල‌ෙණ‌ෙ ශගශ
167,514,514 [12] ශගශ ල‌ෙණ‌ෙ
168,516,516 [14] පරුමක-පුශහ ල‌ෙණ‌ෙ ශගශ
169,517,517 [15] වෙශලි-තෙරහ ල‌ෙණ‌ෙ
170,518,518 [16] ගපති-ශිවහ ල‌ෙණ‌ෙ චතු-දිශික-ශගශ දිනෙ
171,526,526 [4] (සංකේත අංක 31 සහ 32) ශුමනශ ල‌ෙණ‌ෙ ශගශ
172,535,535 [7] (1) ගමික-වශ-පුතනු ගමික තිශ පුශ ගමික-අබහ(2) ශිරිගුත-තෙරහ
173,536,536 [1] ගපති-චුලශ ල‌ෙණ‌ෙ ශගශ
174,537,537 [2] බත-ශිවරකිතශ ල‌ෙණ‌ෙ
175,539,539 [2] මනශ ල‌ෙණ‌ෙ ශගශ දිනෙ
176,544,544 [7] ගමික-තිශ-පුතහ බත-තිශමිතහ ල‌ෙණ‌ෙ
177,545,545 [8] බමණ-අතිමතකහ ල‌ෙණ‌ෙ (ශගශ)
178,546,546 [9] ගපති-මණිකර තිශහ ල‌ෙණ‌ෙ ශගශ
179,570,570 [15] ශුමනගුත-තෙරශ ලෙණෙ ශගශ
180,571,571 [16] සුමනගුත-තෙරහ ලෙණෙ මන[පදශනෙ]
181,578,578 [3] පරුමක-චුලු-ඣය ගමික-වශබ-ඣිතය උපශික-තිශය ලෙණෙ ශගශ දිනෙ
182,580,580 [5] ගණක-රොහකශ ලෙනෙ ශගශ නියතෙ
183,581,581 [6] ගමි[ක] කණ-ඣිතය උපශික තිශය ලෙණෙ ශගශ
184,582,582 [7] ගපිති-කුමරතිහ-පුත චුඩ-කුමරහ අශෙ-දෙවහ ලෙණෙ ශගශ
185,583,583 [8] ශොණහ ලෙණෙ ශගශ
186,584,584 [9] දමගුත-තෙරශ ලෙණෙ
187,585,585 [10] වණිඣ-ශුමනහ ලෙණෙ ශගශ
188,586,586 [11] චුඩ-ගමිකහ ලෙණෙ ශගශ
189,587,587 [12] ගමික-අබහ ලෙණෙ ශගශ
190,588,588 [13] මහතිශ-තෙරහ ලෙණෙ
191,589,589 [14] බමණ-ශුමහ ලෙණෙ ශගශ
192,591,591 [16] වණිඣ-ශුමනහ ලෙණෙ
193,593,593 [18] අනුරද-තෙරහ ච තුලදර-පු[ත] ශුමනහ ච මනපදශනෙ
194,594,594 [19] බත-ශුමනහ පුත-ශුමනහ ශදය ලෙණෙ ශගශ
195,595,595 [20] බත-ශුමනහ ලෙණෙ
196,604,604 [4] අචරිය පරාසරිස ලෙණෙ
197,611,611 [11] බත-ශුමනදතශ ලෙණෙ
198,616,616 [16] ගපති-යශොපල-පුත ශොනශ ලෙණෙ ශගශ දිනෙ
199,623,623 [4] ගමික-ශිව-පුත ගමික-කබොඣහ ලෙණෙ
200,626,626 [7] බත-ශිවහ ලෙණෙ ශගශ
201,629,629 [10] පරුමක-මිත-පුත බඩකරික-දතහ
202,638,638 [19] ගුතශ ලෙණෙ අග[ත]-අනගත-චතු-දිශ-ශගශ
203,642,642 [23] තොටගමිය ගපති-ඔඣක-තිශ-පුත උපශක-නට-තිශශ දනෙ ශගශ පදිටිතෙ
204,656,656 [11] බමණ මරුකුට-ගොතමශ ලෙණෙ අගත-අනගත-චතු-දිශ-ශගශ
205,657,657 [12] බත-වශහ වඩක-ශුවතිය ලෙණෙ
206,658,658 [13] පරුමක-චෙම-පුත පරුමක-පුශදෙවහ ලෙණෙ යෙ
207,659,659 [14] ගමික-උතර-පුත ගමික-පුශදෙවහ ලෙණෙ මනපදශනෙ ශගශ
208,668,668 [8] පුණ-තෙරහ ශදිවිහරිය බත-ශගරකිතහ ලෙණෙ ශගශ
209,670,670 [10] චුඩ-බුදරකිත-තෙරහ අතෙවශික බත-තිශහ [ලෙණෙ]
210,673,673 [2] ගණක-රකිය උපශික-තිශය අඝත-අනගත-ශගශ
211,675,675 [2] උපශක-දතහ ලෙණෙ
212,680,680 [7] චුඩ-දතහ ලෙණෙ ශගශ
213,681,681 [8] උපශක-නදහ ලෙණෙ ශගශ
214,682,682 [9] වශ-තෙරහ ශදිවිහරිය දමගුත-තෙරහ ලෙණෙ
215,689,689 [1] බත-කණගුතශ මහසුදශනෙ ලෙණෙ ශගශ
216,690,690 [2] ගමික-කණ-පුත ගමික-ශදනශ ලෙණනි ශගශ දිනනි
217,692,692 [1] ගපති-රෙතශ ලෙණෙ ය
218,693,693 [2] උපශක-ශමුදහ ලෙණෙ ශගශ
219,695,695 [4] උපශක-කචලිය ලෙණෙ
220,700,700 [10] දෙවරකිතශ ච දමතෙරශ ච ලෙණෙ
221,701,701 [1] බත-ශුරිගුතහ ලෙණෙ
222,710,බත-කුමරදතශ ලෙණෙ ශගශ දිනි
223,711,711 ගපති-කුණික-තිශ-පුත උපශක-යහශිය ලෙණෙ
224,712,712 පරුමක-පුලය-පුත පරුමක-උතර-පුත පරුමක-දතශ කුමි ලෙණෙ ච ශගශ දිනෙ
225,714,714 [1] බත-දිනශ ලෙණෙ ශුදශනෙ ශගශ
226,715,715 [2] පුශගුත-තෙරෙන ඛරපිතෙ ලෙණෙ ධශදිශතො ශගශ ඵරිබොගයෙ ධිනෙ
227,716,716 [3] මිතගුත-තෙරශ දනෙ අගත-අනගත ශගශ දිනෙ
228,717,717 [4] බත-දමරකිතෙන කරපිතෙ ශගශ
229,718,718 [5] බත-නගශ ලෙණෙ ශගශ දිනෙ
230,719,719 [1] ගමික-රෙතහ ලෙණෙ ශගශ
231,722,722 [4] පරුමක-දතහ ලෙණෙ ශගශ
232,723,723 පරුමක-දනමිතශ ලෙණෙ
233,726,726 [3] පුගියන ලෙණෙ ශගශ දිනෙ
234,728,728 [5] ශුමනගුතහ ලෙණෙ
235,729,729 [6] ච ලෙ ගණක ........... ච ලෙ තිශහ ච ලෙණෙ
236,730,730 [7] ගමික-තින ලෙණෙ
237,731,731 [8] බත-පුශහ ලෙණෙ චතු-දි[ශ] ශගශ
238,732,732 [9] ශුමන-තෙරහ ච නුගුය-තෙරහ ච ලෙණෙ
239,735,735 [2] පෙළ හා අර්ථය පෙර ලිපිය හා සමාන වෙයි.
240,741,741 [2] ශගශ දිනෙ උපශක-ශුමනශ ලෙණෙ
241,756,756 [1] රඣ-ශිවශ දනෙ වශ-තෙරශ ලෙණෙ
242,765,765 [1] ............. [පු]ත-පුශදෙවශ ලෙණෙ ශගශ
243,772,772 ශගශ පරුමක-පුශ-පුත පරුමක-ශුදෙවහ ලෙණෙ
244,783,783 [2] උපශක-මෙරය-තිශහ ලෙණෙ ශගශ නියතෙ
245,800,800 [1] ගපති-උපශක රකි-පුත-බත-තිශහ ලෙණෙ අගත-අනගත චතු-දිශ-ශගශ
246,801,801 [2] පරුමක-රොක-පුත පරුමක-තිශ-පුත පරුමක-ශදීලශ ලෙණෙ අගත-අනගත-චතු-දිශ-ශගශ
247,804,804 [2] පරුමක-උතර-පුත පරුමක-අනුඩිය ලෙණෙ
248,809,809 [2] දමරකිතශ ලෙණෙ ශගශ
249,814,814 [1] පොචනි-රඣ-නගයහ ඣය බමණ-කොඣර-ඣිතය උපශික-දතය ලෙණෙ
250,816,816 [3] පරුමක-අනුරදශ දනෙ [ශි]ල-පශදෙ ශගයෙ දිනෙ
251,817,817 [4] ඉදශල-ගු[හ] ශගශ
252,824,824 [2] පටල-ශුමනහ ලෙණෙ
253,831,831 [1] පචින-රඣ-පුත-තිශයහ ලෙණෙ අගත-අනගත-චතු-දිශ-ශගශ දිනෙ
254,844,844 [10] ගහපති-ශතහ ලෙණෙ ශගශ
255,845,845 [11] අනද-තෙරශ ශදිවිහරියන ලෙණෙ
256,847,847 [13] පරුමක-චීරෙචෙ-ශුමනහ ලෙණෙ
257,848,848 [14] පරුම[ක-සො]ණහ ලෙ[ණෙ] ශගශ
258,850,850 [16] දමරකිත-තෙරහ ලෙණෙ ශගශ දිනෙ
259,851,851 [17] බත-දමරකිතහ නව ලෙණකෙ
260,852,852 [18] තිශගුත-තෙරහ ශදිවිහරිය බත-මඣිම-බණක-තිශහ ලෙණෙ ශුදශනෙ අගත-අනගත-චතු-දිශ-ශගශ
261,859,859 [25] නගදතහ
262,861,861 [1] මහතිශහ ලෙණෙ
263,862,862 [2] බත-දමශෙනෙ ලෙණෙ
264,863,863 [3] බත-පුශගුතශ ලෙණෙ
265,864,864 ඣමත-චුඩහ ගපති-පුශහ චුඩහ පුත මහතිශහ ලෙණෙ ශගශ
266,867,867 [1] පරුම[ක] කඩිය පුත ..........
267,868,868 [2] පරුමක-තිරි-පුත-අබිඣිය ලෙණෙ
268,869,869 [3] පරුමක-නගුලිය ලෙණෙ
269,870,870 [4] පරුමක-තිශ-පුත බමදතහ ලෙණෙ
270,872,872[6] උපශක-උතරහ ලෙණෙ
271,875,875 [1] අබහ ච ඣය රුලය ච ලෙ[ණෙ]
272,876,876 [2] බත-තිශහ ලෙණෙ
273,877,877 [3] ශුමනගුත-තෙරහ ලෙණෙ අගත-අනගත-චතු-දිශ-ශගශ
274,878,878 [4] පරුමක-දුටික-තිශහ ලෙණෙ ශගශ
275,880,880 [6] ගමික-වෙල-ඣිත දමය ලෙණෙ ශගශ
276,885,885 [2] අගියහ ලෙණෙ
277,906,906 [1] උපශක-ශිවහ ගපිති-චිතහ
278,914,914 [2] ගමික-ශිව-පුත ගමික-කණතිශහ ලෙණෙ
279,915,915 [3] තිශගුත-තෙරශ ලෙණෙ
280,918,918 [6] බත-පුශහ ලෙණෙ ශගශ
281,922,922 [10] පරුමක-උදයහ නගදතහ ලෙණෙ ශගශ
282,924,924 [12] පරුමක-තිශ-පුත පරුමක-ශොණශ
283,926,926 [14] රොණිගුත-තෙරශ අතිවශික බත-ශොණගුතහ ලෙණෙ
284,927,927 [15] අශ-බුදරකිතශ ලෙණෙ
285,928,928 [16] පරුමක-[චෙ]මහ ලෙණෙ ශගශ
286,929,929 [17] උපශක-ශොණහ ලෙණෙ
287,930,930 [18] බත-ගුතහ ලෙණෙ ශගශ
288,931,931 [19] පරුමක-ශුමන-පුත බත-උතරිහ
289,958,958 උතියහ අයක පරුමක-නග-කුලහ ලෙණෙ ශගශ
290,980,980 [1] ගමික-කුබිලිය ලෙණෙ අගත-අනගත චතු-දි[ශ]-ශගශ
291,989,989 [3] බරත-සුඣත-කරිත-ලෙණනි
292,991,991 [5] අචිරිය-කණගුතශ ලෙණෙ
293,997,997 [4] [මි]නමතහ ලෙණෙ
294,1008,1008 [15] පරුමක-තිශ-පුත පරුමක-නගහ ලෙණෙ අගත-අනගත චතු-දිශ-ශගශ
295,1017,1017 [24] කණිකණටිය-ගමික-තිශ-පුත ගමික-දරක-තිශහ ලෙණෙ අගත-අනගත චතු-දිශ-ශගශ
296,1027,1027 [10] දෙවනපිය-මහරඣ ගමණි-අබයශ පුත තිශයශ ලෙණෙ තිපණගහෙ අගත-අනගත-චතු-දිසික-ශඝශ (සංකේත අංක 2 සහ 6 පෙළට පහළින් දක්වා ඇත).
297,1028,1028 [11] මහරඣහ පුත තිශයහ බරියන ලෙණෙ සවතොභදෙ අගත-අනගත-චතු-දිශික-ශඝශ
298,1029,1029 [12] පරුමක-දතහ ලෙණෙ දෙවරමණ ශගශ
299,1030,1030 [13] පරුමක තිශ ...........
300,1031,1031 උපශක-ශුමනහ ලෙණෙ පටිබනකුටෙ ශගශ
301,1035,1035 [1] මහරඣහ පණිත-බඩකරික පරුමක-ශුමනහ
302,1037,1037 [3] බම-නගර-බොඣික පරුමක-රොණහ ලෙණෙ
303,1038,1038 [4] ගපති-මුල-පුතහ උපශක-ශොණහ ලෙණෙ
304,1039,1039 [5] උපශක-මහනගහ ච උපශක-තිශහ ච ලෙ[ණෙ].
305,1041,1041 [7] ගමික-මඣිමහ පුත ගමික-මිතහ ලෙණෙ
306,1060,1060 [2] මහරඣශ දෙවනපියහ අචිරිය බමණ-ගොබුතිය ලෙණෙ
307,1065,1065 [7] බමණ-පුශක-පුතහ පුනශුගුතහ ලෙණෙ
308,1066,1066 [8] බුදරකිත-තෙරහ ලෙණෙ ම[හ] .............
309,1067,1067 [9] අශිය ශිවබුතිය ලෙණෙ
310,1068,1068 [10] පුශ-තෙරහ කරිතෙ ශගශ
311,1069,1069 [1] බත-ශිවබුති ච පරුමක-[ශු]මන ගුතහ ච ශදය ලෙණෙ
312,1070,1070 [2] උපශක-ගණක-බුතහ ලෙණෙ ශගශ
313,1071,1071 [3] පරුමක-ශුකද-කුලහ ලෙණෙ
314,1072,1072 [4] දමරකිත-තෙරහ ලෙණෙ ශගශ
315,1075,1075 [1] බත-ශුමනහ ලෙණෙ
316,1078,1078 [4] වදශ ලෙණෙ
317,1079,1079 [5] දතහ ලෙණෙ
318,1081,1081 [1] උපශික-කශබිය ලෙණෙ ශගශ
319,1084,1084 [2] බත-දෙවහ ලෙණෙ
320,1085,1085 [3] පරුමක-නගහ ලෙණෙ
321,1086,1086 [4] (1) උපශික-ශුබගය ශගශ පරුමක ශුමහ
322,1087,1087 [5] චුඩතිශහ ලෙණෙ ශගශ
323,1088,1088 [1] (1) පරුමක-ශුමන-පුතහ චුඩ-ශුමනහ ලෙණෙ(2) බත-තිශගුතහ ච ලෙණෙ
324,1090,1090 [3] ඣිත-තෙරහ මහශුදශනෙ උපශික-තිශය තෙරහ  නග ලෙණෙ
325,1093,1093 [6] බත-ශොණහ ලෙණෙ
326,1094,1094 [7] ගමික-තිශහ
327,1097,1097 [10] පරුමක-ශිවහ ච බත-අයිමරහ ච ලෙණෙ
328,1103,1103 [1] මහරඣහ ඣිත මහබිය ලෙණෙ අගත-අනගත චතු-දිශ-ශගශ නියතෙ
329,1155,1155 උපසක-වසහ ලෙණෙ සග නියතෙ
330,1171,1171 [පරුමක]- යකදතහ පුතහ පරුමක-වහබහ ලෙණෙ චතු-දිසික-සගස නියතෙ
331,1172,1172 [1] තිශ-තෙරහ ලෙණෙ චදු-දිසික බිකු-සගයෙ නියතෙ පිතහ උපසක-නකහ ලෙණෙ
332,1188,1188 [2] පරුමක-තිසහ ලෙණෙ සගස
333,1191,1191 සුම-තෙරහ ............
334,1203,1203 [2] සිදම් [|] මයහල-වසික ............
335,1221,1221 [5] පරුමක-චිතහ ලෙණෙ සගස
336,1231,1231 අමතෙ-වහිටිමතහ ලෙණෙ
337,1232,1232 උපසික-හුමය ලෙණෙ