Word,Source,Meaning
අ,In Both,පැමිණි
අග,In Both,ප්‍රථම
අගත,In Both,පැමිණි
අගතන,In Both,(අබි)අනුරාධි
අගත්,In Both,
අගියහ,In Both,
අඝත,In Both,
අචරිය,In Both,ඇදුරා
අචිරිය,In Both,ඇදුරු
අතිමතකහ,In Both,
අතිවශික,In Both,අතවැසි
අතෙවශික,In Both,අතවැසි
අදෙක,In Both,අධිකාරි
අනගත,In Both,නොපැමිණි හෝ මතු
අනද,In Both,
අනාගත,In Both,
අනුඩි,In Both,අනුරාධා
අනුඩිය,In Both,
අනුරද,In Both,අනුරාධ
අනුරදශ,In Both,
අනුරදි,In Both,
අපරිමිත,In Both,සීමා රහිත
අබයශ,In Both,
අබයහ,In Both,
අබයෙ,In Both,
අබහ,In Both,අබය
අබි,In Both,කුමාරිය
අබිඣිගුතහ,In Both,
අබිඣිය,In Both,අබිජිත් නැකත
අමතෙ,In Both,අමාත්‍ය
අයක,In Both,ආදායම් එකතු කරන්නා
අයහ,In Both,අසුබ
අයිමරහ,In Both,
අශ,In Both,අශ්ව
අශය,In Both,
අශි,In Both,ආයුශ්මත්
අශිය,In Both,ආයුශ්මත්
අශෙ,In Both,
ඉදශල,In Both,ඉන්ද්‍රශාල
ඉම,In Both,සීමාව
ඉශිගුතහ,In Both,සෘෂිගුප්ත
උතර,In Both,උතුම්
උතරශ,In Both,
උතරහ,In Both,
උතරිහ,In Both,ඉතිරිය
උති,In Both,උත්තිය
උතිය,In Both,උත්තිය
උතියහ,In Both,උත්තිය
උතිරික,In Both,ඉතිරි
උදයහ,In Both,
උපට,In Both,
උපතිශ,In Both,උපතිස්ස
උපතිශහ,In Both,උපතිස්ස
උපරඣ,In Both,උපරාජ
උපලය,In Both,උපුලි
උපලි,In Both,උපාලි
උපලිය,In Both,
උපශක,In Both,උපාසක
උපශික,In Both,උපාසිකා
උපසක,In Both,උපාසක
උපසික,In Both,උපාසිකා
එක,In Both,එක්
එරකපි,In Both,
ඔඣක,In Both,වජ්ජි ගෝත්‍රික
ක,In Both,කවරකු
කචලිය,In Both,
කඩිය,In Both,කාලිය
කණ,In Both,අන්ධ
කණගුතශ,In Both,
කණතිශහ,In Both,
කණිකණටිය,In Both,
කබර,In Both,කුඹුර
කබොඣහ,In Both,කාම්බෝජ
කම,In Both,වැඩ
කමෙ,In Both,
කර,In Both,කරවා
කරපිට,In Both,
කරපිතෙ,In Both,
කරිත,In Both,කැරැ වු
කරිතෙ,In Both,කරවන ලදි
කරිතේ,In Both,කරවන ලදි
කශබිය,In Both,
කුටෙ,In Both,
කුඩක,In Both,
කුණික,In Both,
කුතරගය,In Both,
කුබිර,In Both,
කුබිලිය,In Both,
කුමරතිහ,In Both,
කුමරදතශ,In Both,
කුමරහ,In Both,
කුමි,In Both,
කුලහ,In Both,
කොඣර,In Both,
කොටගරික,In Both,
ඛරපිතෙ,In Both,
ගණක,In Both,
ගණශ,In Both,
ගපති,In Both,
ගපිති,In Both,
ගමණි,In Both,
ගමික,In Both,
ගමිකහ,In Both,
ගමිණි,In Both,
ගහපති,In Both,
ගාමිණි,In Both,
ගුටක,In Both,
ගුත,In Both,
ගුතශ,In Both,
ගුතහ,In Both,
ගුතෙන,In Both,
ගොතමශ,In Both,
ගොති,In Both,
ගොබුතිය,In Both,
ච,In Both,
චතහ,In Both,
චතු,In Both,
චදක,In Both,
චදු,In Both,
චනිශත,In Both,
චලල,In Both,
චලි,In Both,
චිතගුතහ,In Both,
චිතහ,In Both,
චීරෙචෙ,In Both,
චුඩ,In Both,
චුඩතිශහ,In Both,
චුඩහ,In Both,
චුඩි,In Both,
චුලශ,In Both,
චුලහ,In Both,
චුලු,In Both,
චෙම,In Both,
ඣනන,In Both,
ඣනහ,In Both,
ඣමත,In Both,
ඣය,In Both,
ඣයඅබි,In Both,
ඣි,In Both,
ඣිත,In Both,
ඣිතය,In Both,
ඣිශ,In Both,
ඣුවය,In Both,
ත,In Both,
තබර,In Both,
තශ,In Both,
තිණි,In Both,
තින,In Both,
තිනි,In Both,
තිපණගහෙ,In Both,
තිරි,In Both,
තිශ,In Both,
තිශගුත,In Both,
තිශගුතහ,In Both,
තිශදත,In Both,
තිශබුතිය,In Both,
තිශමිත,In Both,
තිශමිතහ,In Both,
තිශය,In Both,
තිශයශ,In Both,
තිශයහ,In Both,
තිශරකිත,In Both,
තිශශ,In Both,
තිශහ,In Both,
තිශෙ,In Both,
තිස,In Both,
තිසහ,In Both,
තුලදර,In Both,
තෙන,In Both,
තෙර,In Both,
තෙරශ,In Both,
තෙරහ,In Both,
තෙරෙන,In Both,
තොටගමිය,In Both,
දත,In Both,
දතය,In Both,
දතශ,In Both,
දතහ,In Both,
දනතක,In Both,
දනමිතශ,In Both,
දනියශ,In Both,
දනෙ,In Both,
දමගුත,In Both,
දමගුතහ,In Both,
දමතෙරශ,In Both,
දමය,In Both,
දමරකිත,In Both,
දමරකිතශ,In Both,
දමරකිතහ,In Both,
දමරකිතෙන,In Both,
දමරඣශ,In Both,
දමශෙන,In Both,
දමශෙනෙ,In Both,
දමුතරහ,In Both,
දමෙඩ,In Both,
දරක,In Both,
දි,In Both,
දිගතිශ,In Both,
දිගතිශශ,In Both,
දිනනි,In Both,
දිනශ,In Both,
දිනහ,In Both,
දිනි,In Both,
දිනෙ,In Both,
දිශ,In Both,
දිශශ,In Both,
දිශික,In Both,
දිසික,In Both,
දුටික,In Both,
දුතකහ,In Both,
දෙවගුතහ,In Both,
දෙවනපිය,In Both,
දෙවනපියහ,In Both,
දෙවරකිතශ,In Both,
දෙවරමණ,In Both,
දෙවහ,In Both,
දොදශ,In Both,
ධශදිශතො,In Both,
ධිනෙ,In Both,
න,In Both,
නකහ,In Both,
නග,In Both,
නගදතහ,In Both,
නගදිනශ,In Both,
නගය,In Both,
නගයහ,In Both,
නගර,In Both,
නගශ,In Both,
නගශෙන,In Both,
නගහ,In Both,
නගුලිය,In Both,
නට,In Both,
නදහ,In Both,
නදික,In Both,
නදිකශ,In Both,
නම,In Both,
නව,In Both,
නශත,In Both,
නියතෙ,In Both,
නුගුය,In Both,
පකර,In Both,
පචින,In Both,
පටකණ,In Both,
පටකෙ,In Both,
පටල,In Both,
පටිබන,In Both,
පටිබනකුටෙ,In Both,
පණිත,In Both,
පතිටපිටෙ,In Both,
පදගඩ,In Both,
පදිටිතෙ,In Both,
පරාසරිස,In Both,
පරිඣය,In Both,
පරුමක,In Both,
පරුමකඅදිලිය,In Both,
පරුමකලු,In Both,
පරෙමක,In Both,
පවත,In Both,
පශදෙ,In Both,
පශු,In Both,
පිගල,In Both,
පිතශ,In Both,
පිතහ,In Both,
පුගියන,In Both,
පුඩලඣකෙ,In Both,
පුණ,In Both,
පුත,In Both,
පුතන,In Both,
පුතනු,In Both,
පුතශ,In Both,
පුතහ,In Both,
පුතා,In Both,
පුති,In Both,
පුතෙ,In Both,
පුනශුගුතහ,In Both,
පුලය,In Both,
පුලයශ,In Both,
පුශ,In Both,
පුශක,In Both,
පුශගුත,In Both,
පුශගුතශ,In Both,
පුශදෙව,In Both,
පුශදෙවශ,In Both,
පුශදෙවහ,In Both,
පුශබුතිය,In Both,
පුශය,In Both,
පුශහ,In Both,
පුස,In Both,
පොචනි,In Both,
පොල,In Both,
ඵරිබොගයෙ,In Both,
බගිනිය,In Both,
බගිනියන,In Both,
බඩකරික,In Both,
බණක,In Both,
බත,In Both,
බතකරක,In Both,
බතික,In Both,
බතිකණ,In Both,
බතිකහ,In Both,
බදිර,In Both,
බම,In Both,
බමණ,In Both,
බමදතහ,In Both,
බයබෙරවෙ,In Both,
බරත,In Both,
බරිය,In Both,
බරියන,In Both,
බැරිය,In Both,
බිකු,In Both,
බුතහ,In Both,
බුතිය,In Both,
බුදරකිත,In Both,
බුදරකිතශ,In Both,
බොඣික,In Both,
ම,In Both,
මගශ,In Both,
මගිලය,In Both,
මඣිම,In Both,
මඣිමතිශ,In Both,
මඣිමබණක,In Both,
මඣිමහ,In Both,
මණිකර,In Both,
මත,In Both,
මතලිගමික,In Both,
මතහ,In Both,
මතුල,In Both,
මනපදශනෙ,In Both,
මනශ,In Both,
මනොරමෙ,In Both,
මයහල,In Both,
මරුකුට,In Both,
මරුමකන,In Both,
මලගුතහ,In Both,
මලන,In Both,
මලශ,In Both,
මලිය,In Both,
මලුශ,In Both,
මහ,In Both,
මහචිතශ,In Both,
මහතිශ,In Both,
මහතිශහ,In Both,
මහතිස,In Both,
මහදතහ,In Both,
මහනගහ,In Both,
මහබිය,In Both,
මහරඣ,In Both,
මහරඣශ,In Both,
මහරඣහ,In Both,
මහරෙතශ,In Both,
මහශුදශනෙ,In Both,
මහසුදශනෙ,In Both,
මි,In Both,
මිටියමත,In Both,
මිත,In Both,
මිතගුත,In Both,
මිතදෙවහ,In Both,
මිතශ,In Both,
මිතහ,In Both,
මුල,In Both,
මෙරය,In Both,
ය,In Both,
යකදතහ,In Both,
යටි,In Both,
යශ,In Both,
යශොපල,In Both,
යහශිනිය,In Both,
යහශිය,In Both,
යෙ,In Both,
රකි,In Both,
රකිය,In Both,
රඣ,In Both,
රශුමිලිය,In Both,
රුලය,In Both,
රෙතශ,In Both,
රෙතහ,In Both,
රෙවය,In Both,
රෙවෙතශ,In Both,
රොක,In Both,
රොණහ,In Both,
රොණිගුත,In Both,
රොහකශ,In Both,
ල,In Both,
ලෙ,In Both,
ලෙණ,In Both,
ලෙණකෙ,In Both,
ලෙණනි,In Both,
ලෙණෙ,In Both,
ලෙනෙ,In Both,
ලෙනෙහි,In Both,
ලොකදතුය,In Both,
ව,In Both,
වඩක,In Both,
වඩියහ,In Both,
වණ,In Both,
වණිඣ,In Both,
වදශ,In Both,
වනෙ,In Both,
වරුණගුතහ,In Both,
වශ,In Both,
වශබ,In Both,
වශහ,In Both,
වශුදත,In Both,
වසහ,In Both,
වසික,In Both,
වහබහ,In Both,
වහිටිමතහ,In Both,
විශකහ,In Both,
විහරයෙ,In Both,
වෙල,In Both,
වෙලු,In Both,
වෙලුහ,In Both,
වෙශලි,In Both,
වේලු,In Both,
ශ,In Both,
ශග,In Both,
ශගය,In Both,
ශගයෙ,In Both,
ශගරකිත,In Both,
ශගරකිතශ,In Both,
ශගරකිතහ,In Both,
ශගශ,In Both,
ශගස,In Both,
ශගිකෙ,In Both,
ශඝශ,In Both,
ශත,In Both,
ශතන,In Both,
ශතශ,In Both,
ශතහ,In Both,
ශදනශ,In Both,
ශදය,In Both,
ශදි,In Both,
ශදිවිශරිය,In Both,
ශදිවිහරිය,In Both,
ශදිවිහරියන,In Both,
ශදීලශ,In Both,
ශබ,In Both,
ශමණය,In Both,
ශමණහ,In Both,
ශමනිය,In Both,
ශමිකය,In Both,
ශමුදහ,In Both,
ශයෙ,In Both,
ශිගර,In Both,
ශිත,In Both,
ශිරිගුත,In Both,
ශිව,In Both,
ශිවබුති,In Both,
ශිවබුතිය,In Both,
ශිවරකිතශ,In Both,
ශිවශ,In Both,
ශිවහ,In Both,
ශිශමුකෙ,In Both,
ශුඅමන,In Both,
ශුකද,In Both,
ශුකයෙ,In Both,
ශුඣත,In Both,
ශුදශනෙ,In Both,
ශුදිනශ,In Both,
ශුදෙවහ,In Both,
ශුපදිටි,In Both,
ශුපදිතිතෙ,In Both,
ශුබගය,In Both,
ශුබගහ,In Both,
ශුමන,In Both,
ශුමනගුත,In Both,
ශුමනගුතශ,In Both,
ශුමනගුතහ,In Both,
ශුමනදතශ,In Both,
ශුමනය,In Both,
ශුමනශ,In Both,
ශුමනහ,In Both,
ශුමහ,In Both,
ශුරි,In Both,
ශුරිගුතහ,In Both,
ශුවතිය,In Both,
ශෙ,In Both,
ශෙනහ,In Both,
ශොණගුත,In Both,
ශොණගුතහ,In Both,
ශොණය,In Both,
ශොණශ,In Both,
ශොණහ,In Both,
ශොනශ,In Both,
ස,In Both,
සග,In Both,
සගයෙ,In Both,
සගස,In Both,
සඝහ,In Both,
සමණදතහ,In Both,
සවතොභදෙ,In Both,
සිදම්,In Both,
සුඣත,In Both,
සුම,In Both,
සුමනගුත,In Both,
සුමනහ,In Both,
සෙණි,In Both,
සෙනපති,In Both,
සෙනහ,In Both,
හ,In Both,
හදකහ,In Both,
හුමය,In Both,
අංක,Only in Filtered,
අයුරින්,Only in Filtered,
අර්ථය,Only in Filtered,
ඇත,Only in Filtered,
ඇති,Only in Filtered,
එහි,Only in Filtered,
කියවිය,Only in Filtered,
ගමි,Only in Filtered,
ගහ,Only in Filtered,
ගු,Only in Filtered,
චෙ,Only in Filtered,
ඣත,Only in Filtered,
ඩිනි,Only in Filtered,
ණහ,Only in Filtered,
ණෙ,Only in Filtered,
තහ,Only in Filtered,
දක්වා,Only in Filtered,
දකුණට,Only in Filtered,
දකුණේ,Only in Filtered,
දිවිහරි,Only in Filtered,
දී,Only in Filtered,
නමතහ,Only in Filtered,
නමුත්,Only in Filtered,
නෙ,Only in Filtered,
පදග,Only in Filtered,
පදය,Only in Filtered,
පදශනෙ,Only in Filtered,
පරු,Only in Filtered,
පරුම,Only in Filtered,
පහළින්,Only in Filtered,
පි,Only in Filtered,
පු,Only in Filtered,
පෙර,Only in Filtered,
පෙළ,Only in Filtered,
පෙළට,Only in Filtered,
භාවිත,Only in Filtered,
මක,Only in Filtered,
මන,Only in Filtered,
මනපද,Only in Filtered,
මුත,Only in Filtered,
මෙම,Only in Filtered,
මෙහි,Only in Filtered,
යන,Only in Filtered,
යුතු,Only in Filtered,
යොදා,Only in Filtered,
ලද්දකි,Only in Filtered,
ලිණ,Only in Filtered,
ලිපිය,Only in Filtered,
ලියන,Only in Filtered,
ලෙස,Only in Filtered,
ලේඛනය,Only in Filtered,
වන,Only in Filtered,
වමට,Only in Filtered,
වමෙහි,Only in Filtered,
වෙ,Only in Filtered,
වෙනුවට,Only in Filtered,
වෙයි,Only in Filtered,
ශි,Only in Filtered,
ශිලා,Only in Filtered,
ශිලාලේඛනය,Only in Filtered,
ශු,Only in Filtered,
ශො,Only in Filtered,
සංකේත,Only in Filtered,
සමාන,Only in Filtered,
සහ,Only in Filtered,
සාමාන්,Only in Filtered,
සිට,Only in Filtered,
සෙල්ලිපි,Only in Filtered,
සො,Only in Filtered,
හා,Only in Filtered,
ෙ,Only in Filtered,
ෙණ,Only in Filtered,
අගතමගත,Only in Brahmi Dic,
අගතශෙ,Only in Brahmi Dic,
අගතානාගත,Only in Brahmi Dic,පැමිණි හා නොපැමිණි
අගබල,Only in Brahmi Dic,අග්‍රබලය
අගි,Only in Brahmi Dic,ගිනි
අගිදතහ,Only in Brahmi Dic,
අගිදෙවශ,Only in Brahmi Dic,
අගිබුතිනො,Only in Brahmi Dic,
අගිය,Only in Brahmi Dic,ඇගෑ
අච,Only in Brahmi Dic,අශ්ව
අචගිරික,Only in Brahmi Dic,අස්ගිරි
අචරියහ,Only in Brahmi Dic,
අචිරියහ,Only in Brahmi Dic,
අජරිය,Only in Brahmi Dic,ඇදුරා
අට,Only in Brahmi Dic,අට
අටක,Only in Brahmi Dic,
අටදශ,Only in Brahmi Dic,අටළොස
අටය,Only in Brahmi Dic,පිණිස
අටයෙ,Only in Brahmi Dic,පිණිස
අටෙයෙ,Only in Brahmi Dic,
අඨය,Only in Brahmi Dic,පිණිස
අඩ,Only in Brahmi Dic,භාගය
අඩචදෙ,Only in Brahmi Dic,
අඩි,Only in Brahmi Dic,ඇළ
අඩිකය,Only in Brahmi Dic,වාරි කාර්මිකයා
අඩිය,Only in Brahmi Dic,ඇළ
අඩිවි,Only in Brahmi Dic,අධිකාරි
අණණික,Only in Brahmi Dic,වාරි මාර්ග විශේෂඥ
අණිකට,Only in Brahmi Dic,අශ්වාරෝහක හමුදා නිලධාරි
අණිකටශ,Only in Brahmi Dic,
අති,Only in Brahmi Dic,ඇතුළත
අතිරෙක,Only in Brahmi Dic,ඉතුරු
අදක,Only in Brahmi Dic,අධිකාරි
අදකචක,Only in Brahmi Dic,
අදකහ,Only in Brahmi Dic,
අදික,Only in Brahmi Dic,
අදෙකහ,Only in Brahmi Dic,
අනග,Only in Brahmi Dic,පැමිණි
අනගතශ,Only in Brahmi Dic,
අනු,Only in Brahmi Dic,උප
අනුඩිගමශි,Only in Brahmi Dic,
අනුරදහ,Only in Brahmi Dic,
අනුරදිය,Only in Brahmi Dic,
අනුරිදිය,Only in Brahmi Dic,
අනුළපි,Only in Brahmi Dic,
අනුළයහ,Only in Brahmi Dic,
අනොතත,Only in Brahmi Dic,අනවතප්ත
අනොදි,Only in Brahmi Dic,අනවද්‍ය
අපය,Only in Brahmi Dic,ස්වාමියා
අපර,Only in Brahmi Dic,තවත්
අපි,Only in Brahmi Dic,වැව
අපු,Only in Brahmi Dic,
අබ,Only in Brahmi Dic,භාර්යාව
අබක,Only in Brahmi Dic,අඹු
අබගමිය,Only in Brahmi Dic,
අබතොට,Only in Brahmi Dic,
අබය,Only in Brahmi Dic,නිර්භීත
අබයස,Only in Brahmi Dic,
අබල,Only in Brahmi Dic,ඇඹුල්
අබවෙලකෙ,Only in Brahmi Dic,
අබිඣි,Only in Brahmi Dic,
අබිඣිතය,Only in Brahmi Dic,
අභය,Only in Brahmi Dic,සමාව දීම
අභිඣිය,Only in Brahmi Dic,
අමතය,Only in Brahmi Dic,අමාත්‍යයා
අමතහ,Only in Brahmi Dic,
අමතිහ,Only in Brahmi Dic,
අමරහ,Only in Brahmi Dic,
අය,Only in Brahmi Dic,පැමිණි
අයකශ,Only in Brahmi Dic,
අයද,Only in Brahmi Dic,අයෝධයා
අයබය,Only in Brahmi Dic,
අයිබර,Only in Brahmi Dic,ඉඹුරු
අයිමර,Only in Brahmi Dic,වෛදික දෙවිකෙනෙකි
අයෙ,Only in Brahmi Dic,
අයෙන,Only in Brahmi Dic,
අරකෙ,Only in Brahmi Dic,ආරක්ශකයා
අරිට,Only in Brahmi Dic,උතුම්
අලි,Only in Brahmi Dic,
අවරණ,Only in Brahmi Dic,අමුණ
අවරණහි,Only in Brahmi Dic,
අවලද,Only in Brahmi Dic,
අවිරද,Only in Brahmi Dic,විරුද්ද වන්නැති
අශඩිය,Only in Brahmi Dic,
අශද,Only in Brahmi Dic,ඇසළ
අශමනහ,Only in Brahmi Dic,අසාමාන්‍ය
අශරුය,Only in Brahmi Dic,අසරුවා
අශලි,Only in Brahmi Dic,අශ්ලිස
අශලිය,Only in Brahmi Dic,
අශලිශ,Only in Brahmi Dic,අශ්ලිස
අශහ,Only in Brahmi Dic,
අශොකශ,Only in Brahmi Dic,
අශොකහ,Only in Brahmi Dic,ශෝක රතිත
අසලි,Only in Brahmi Dic,
අසලිය,Only in Brahmi Dic,අසේල
අසෙලයහ,Only in Brahmi Dic,
අහලි,Only in Brahmi Dic,
අහලිය,Only in Brahmi Dic,
අහලියලෙණෙ,Only in Brahmi Dic,
ආගත,Only in Brahmi Dic,පැමිණි
ආගාර,Only in Brahmi Dic,
ඉඣු,Only in Brahmi Dic,
ඉටක,Only in Brahmi Dic,ගඩොළු
ඉඩික,Only in Brahmi Dic,සෘද්ධි ඇති
ඉඩිය,Only in Brahmi Dic,සද්ධිය
ඉත,Only in Brahmi Dic,එම
ඉද,Only in Brahmi Dic,මෙහි
ඉදගුශශ,Only in Brahmi Dic,
ඉදබුතිය,Only in Brahmi Dic,ඉන්ද්‍රගුප්ත
ඉදරකිත,Only in Brahmi Dic,ඉන්ද්‍රරක්ඛිත
ඉදිය,Only in Brahmi Dic,සෘද්ධිය
ඉමශි,Only in Brahmi Dic,මෙහි
ඉශිරකිත,Only in Brahmi Dic,සෘෂි රක්ඛිත
ඉහ,Only in Brahmi Dic,මෙහි
උගශ,Only in Brahmi Dic,
උටිය,Only in Brahmi Dic,
උතරගුත,Only in Brahmi Dic,
උතරි,Only in Brahmi Dic,
උතලිය,Only in Brahmi Dic,
උතිහ,Only in Brahmi Dic,
උදහ,Only in Brahmi Dic,උදහස
උප,Only in Brahmi Dic,යෝග්‍ය
උපරිකඩ,Only in Brahmi Dic,
උපලවි,Only in Brahmi Dic,උපුල් වැව
උපලවී,Only in Brahmi Dic,
උපශිකය,Only in Brahmi Dic,උපාසක
උපශිකා,Only in Brahmi Dic,උපාසිකා
උපශීක,Only in Brahmi Dic,
උපශොණ,Only in Brahmi Dic,
උපශොණහ,Only in Brahmi Dic,
උපසකහ,Only in Brahmi Dic,
උපාසක,Only in Brahmi Dic,බැතිමතුන්
උපාසිකා,Only in Brahmi Dic,
උඵශික,Only in Brahmi Dic,
උබහ,Only in Brahmi Dic,
උවනිකිතෙ,Only in Brahmi Dic,තැන්පත් කළ
උවසක,Only in Brahmi Dic,උවසු
උවසික,Only in Brahmi Dic,උපාසිකා
උවහජනකහ,Only in Brahmi Dic,
ඌතරහ,Only in Brahmi Dic,
එකෙ,Only in Brahmi Dic,එක
එතන,Only in Brahmi Dic,මොහුගේ හෝ ඔහුගේ
එතශ,Only in Brahmi Dic,මොහුගේ හෝ ඔහුගේ
එතෙහි,Only in Brahmi Dic,
ඔරිදික,Only in Brahmi Dic,අන්තප්පුරයේ වෙසෙන
ඔහරණෙ,Only in Brahmi Dic,
කචර,Only in Brahmi Dic,
කචිලි,Only in Brahmi Dic,
කට,Only in Brahmi Dic,පැවැත්වීම
කටය,Only in Brahmi Dic,කරවා
කටු,Only in Brahmi Dic,පිණිස
කටෙ,Only in Brahmi Dic,
කඩක,Only in Brahmi Dic,කඩා
කඩගිරිකහ,Only in Brahmi Dic,
කඩපි,Only in Brahmi Dic,
කඩශිව,Only in Brahmi Dic,කළුශිව හෝ කණ්ඩ සිව
කඩහ,Only in Brahmi Dic,
කඩහලක,Only in Brahmi Dic,කණ්ඩහල
කඩිතිහ,Only in Brahmi Dic,
කණගම,Only in Brahmi Dic,කාණගාම හෝ කණාගම
කණඩශිකය,Only in Brahmi Dic,
කණදත,Only in Brahmi Dic,
කණදතශ,Only in Brahmi Dic,
කණපෙඩික,Only in Brahmi Dic,වාර්තා තබන්නා
කණය,Only in Brahmi Dic,ගොවිපොළ
කණයතහ,Only in Brahmi Dic,
කණශ,Only in Brahmi Dic,
කණියත,Only in Brahmi Dic,
කණියුත,Only in Brahmi Dic,ලේඛන කටයුතු වල යෙදුනු
කතිය,Only in Brahmi Dic,කත්තික
කද,Only in Brahmi Dic,දෙකොනෙහි බර එල්ලූ කඳ
කදලි,Only in Brahmi Dic,කඳකුමරු
කදලිය,Only in Brahmi Dic,
කන,Only in Brahmi Dic,කා දමන
කනන,Only in Brahmi Dic,
කපලි,Only in Brahmi Dic,
කපිල,Only in Brahmi Dic,කිඹුල්
කබල,Only in Brahmi Dic,ලෝමමය වස්තු
කබොඣිඣිය,Only in Brahmi Dic,
කබොඣියන,Only in Brahmi Dic,
කමචුඩහ,Only in Brahmi Dic,
කමට,Only in Brahmi Dic,කාර්මිකයා
කමින,Only in Brahmi Dic,
කය,Only in Brahmi Dic,ශරීරය
කරඣික,Only in Brahmi Dic,
කරඣිනි,Only in Brahmi Dic,
කරපිත,Only in Brahmi Dic,කැරැ වු
කරහක,Only in Brahmi Dic,
කරහි,Only in Brahmi Dic,කරීසයක
කරිතන,Only in Brahmi Dic,
කරිති,Only in Brahmi Dic,
කරිහි,Only in Brahmi Dic,
කලණික,Only in Brahmi Dic,කැලණිය වැසි
කලතෙහි,Only in Brahmi Dic,
කලහි,Only in Brahmi Dic,කාලෙහි
කලිහි,Only in Brahmi Dic,කාලෙහි
කවි,Only in Brahmi Dic,කවියා
කශ,Only in Brahmi Dic,
කශකශ,Only in Brahmi Dic,
කශපණෙ,Only in Brahmi Dic,
කශබනගරෙ,Only in Brahmi Dic,
කශබශ,Only in Brahmi Dic,
කශබහ,Only in Brahmi Dic,
කහපණෙ,Only in Brahmi Dic,
කළිය,Only in Brahmi Dic,
ක්ධි,Only in Brahmi Dic,
කාරිතෙ,Only in Brahmi Dic,
කිටකය,Only in Brahmi Dic,
කිතහ,Only in Brahmi Dic,
කුඣ,Only in Brahmi Dic,
කුඣක,Only in Brahmi Dic,
කුටහතෙ,Only in Brahmi Dic,
කුටි,Only in Brahmi Dic,
කුටුබික,Only in Brahmi Dic,
කුදල,Only in Brahmi Dic,
කුබකර,Only in Brahmi Dic,
කුබරශ,Only in Brahmi Dic,
කුබල,Only in Brahmi Dic,
කුමදතහ,Only in Brahmi Dic,
කුමර,Only in Brahmi Dic,
කුමරශ,Only in Brahmi Dic,
කුමිය,Only in Brahmi Dic,
කුල,Only in Brahmi Dic,
කුලශ,Only in Brahmi Dic,
කුලි,Only in Brahmi Dic,
කෙත,Only in Brahmi Dic,
කෙතහි,Only in Brahmi Dic,
කෙරහ,Only in Brahmi Dic,
කෙලශෙ,Only in Brahmi Dic,
කොටය,Only in Brahmi Dic,
කොඩිගරික,Only in Brahmi Dic,
කොමි,Only in Brahmi Dic,
කොලගම,Only in Brahmi Dic,
කොලිගමහි,Only in Brahmi Dic,
කොශික,Only in Brahmi Dic,
කොෂිකමත,Only in Brahmi Dic,
ග,Only in Brahmi Dic,
ගජදබුතක,Only in Brahmi Dic,
ගඩහ,Only in Brahmi Dic,
ගඩිය,Only in Brahmi Dic,
ගණ,Only in Brahmi Dic,
ගණකශ,Only in Brahmi Dic,
ගතශෙ,Only in Brahmi Dic,
ගදමදනෙ,Only in Brahmi Dic,
ගපතන,Only in Brahmi Dic,
ගපතුල,Only in Brahmi Dic,
ගම,Only in Brahmi Dic,
ගමක,Only in Brahmi Dic,
ගමකහි,Only in Brahmi Dic,
ගමනි,Only in Brahmi Dic,
ගමශි,Only in Brahmi Dic,
ගමහි,Only in Brahmi Dic,
ගමියෙ,Only in Brahmi Dic,
ගමෙ,Only in Brahmi Dic,
ගරදිඩගම,Only in Brahmi Dic,
ගල,Only in Brahmi Dic,
ගාමණි,Only in Brahmi Dic,
ගිරිතිශගමෙ,Only in Brahmi Dic,
ගිරිවජෙ,Only in Brahmi Dic,
ගිලික,Only in Brahmi Dic,
ගුඩහ,Only in Brahmi Dic,
ගුතය,Only in Brahmi Dic,
ගුතස,Only in Brahmi Dic,
ගුතිය,Only in Brahmi Dic,
ගුරය,Only in Brahmi Dic,
ගුරහ,Only in Brahmi Dic,
ගුශෙ,Only in Brahmi Dic,
ගුහ,Only in Brahmi Dic,
ගොකණගමක,Only in Brahmi Dic,
ගොට,Only in Brahmi Dic,
ගොඩ,Only in Brahmi Dic,
ගොඩහ,Only in Brahmi Dic,
ගොතම,Only in Brahmi Dic,
ගොදත,Only in Brahmi Dic,
ගොදතහ,Only in Brahmi Dic,
ගොපලහ,Only in Brahmi Dic,
ගොපහ,Only in Brahmi Dic,
ගොවක,Only in Brahmi Dic,
ගොහ,Only in Brahmi Dic,
ඝමික,Only in Brahmi Dic,
ඝමිඛ,Only in Brahmi Dic,
චඩි,Only in Brahmi Dic,
චත,Only in Brahmi Dic,
චතන,Only in Brahmi Dic,
චතුදිශ,Only in Brahmi Dic,
චතුදිස,Only in Brahmi Dic,
චතුදිසක,Only in Brahmi Dic,
චතුදිසික,Only in Brahmi Dic,
චතුදීශික,Only in Brahmi Dic,
චදකෙ,Only in Brahmi Dic,
චදන,Only in Brahmi Dic,
චදනහ,Only in Brahmi Dic,
චන,Only in Brahmi Dic,
චනිගමිය,Only in Brahmi Dic,
චර,Only in Brahmi Dic,
චරු,Only in Brahmi Dic,
චලුය,Only in Brahmi Dic,
චහනිලය,Only in Brahmi Dic,
චාතු,Only in Brahmi Dic,
චිත,Only in Brahmi Dic,
චිතක,Only in Brahmi Dic,
චිතකර,Only in Brahmi Dic,
චිතකෂණ,Only in Brahmi Dic,
චිතකහ,Only in Brahmi Dic,
චිතගුත,Only in Brahmi Dic,
චිතගුතශ,Only in Brahmi Dic,
චිතය,Only in Brahmi Dic,
චිලිය,Only in Brahmi Dic,
චුඩතිශ,Only in Brahmi Dic,
චුඩතිශශ,Only in Brahmi Dic,
චුඩනගහ,Only in Brahmi Dic,
චුඩරකශ,Only in Brahmi Dic,
චුඩශ,Only in Brahmi Dic,
චුඩශිදහ,Only in Brahmi Dic,
චුඩශුමනහ,Only in Brahmi Dic,
චුඩික,Only in Brahmi Dic,
චුඩිතිශහ,Only in Brahmi Dic,
චුඩෙ,Only in Brahmi Dic,
චුදතිශහ,Only in Brahmi Dic,
චුදුතර,Only in Brahmi Dic,
චුළ,Only in Brahmi Dic,
චුළතහ,Only in Brahmi Dic,
චෙතිය,Only in Brahmi Dic,
චෙමගමශි,Only in Brahmi Dic,
චෙමගමහි,Only in Brahmi Dic,
චෙමශ,Only in Brahmi Dic,
චෙමහ,Only in Brahmi Dic,
චොඩි,Only in Brahmi Dic,
චොදක,Only in Brahmi Dic,
චොරිකිය,Only in Brahmi Dic,
ඡ,Only in Brahmi Dic,
ඡතු,Only in Brahmi Dic,
ජිතය,Only in Brahmi Dic,
ජෙට,Only in Brahmi Dic,
ජෙටුහ,Only in Brahmi Dic,
ජෙටෙ,Only in Brahmi Dic,
ජෙථ,Only in Brahmi Dic,
ජොති,Only in Brahmi Dic,
ඣඋතරශ,Only in Brahmi Dic,
ඣයඣ,Only in Brahmi Dic,
ඣයය,Only in Brahmi Dic,
ඣවක,Only in Brahmi Dic,
ඣිතහ,Only in Brahmi Dic,
ඣෙටුහ,Only in Brahmi Dic,
ඣෙටෙ,Only in Brahmi Dic,
ඣොතිය,Only in Brahmi Dic,
ඣොතියශ,Only in Brahmi Dic,
ටය,Only in Brahmi Dic,
ණිණෙ,Only in Brahmi Dic,
තණ,Only in Brahmi Dic,
තණක,Only in Brahmi Dic,
තතවය,Only in Brahmi Dic,
තන,Only in Brahmi Dic,
තනක,Only in Brahmi Dic,
තනෙ,Only in Brahmi Dic,
තබකර,Only in Brahmi Dic,
තබතිශ,Only in Brahmi Dic,
තරපය,Only in Brahmi Dic,
තල,Only in Brahmi Dic,
තලදර,Only in Brahmi Dic,
තවිරිකිය,Only in Brahmi Dic,
ති,Only in Brahmi Dic,
තිපති,Only in Brahmi Dic,
තිමර,Only in Brahmi Dic,
තිමරශ,Only in Brahmi Dic,
තිරහ,Only in Brahmi Dic,
තිරිපලහ,Only in Brahmi Dic,
තිශගමෙ,Only in Brahmi Dic,
තිශගුතශ,Only in Brahmi Dic,
තිශගොතශ,Only in Brahmi Dic,
තිශදතශ,Only in Brahmi Dic,
තිශදතහ,Only in Brahmi Dic,
තිශදෙවිය,Only in Brahmi Dic,
තිශබ,Only in Brahmi Dic,
තිශබුති,Only in Brahmi Dic,
තිශමහරඣහ,Only in Brahmi Dic,
තිශයස,Only in Brahmi Dic,
තිශරක,Only in Brahmi Dic,
තිශරකිතහ,Only in Brahmi Dic,
තිශලය,Only in Brahmi Dic,
තිශිහය,Only in Brahmi Dic,
තිශෙන,Only in Brahmi Dic,
තිෂ,Only in Brahmi Dic,
තිෂයහ,Only in Brahmi Dic,
තිසතෙරහ,Only in Brahmi Dic,
තිසය,Only in Brahmi Dic,
තිසයශ,Only in Brahmi Dic,
තිසයස,Only in Brahmi Dic,
තිසයහ,Only in Brahmi Dic,
තිසරකිතහ,Only in Brahmi Dic,
තිසිය,Only in Brahmi Dic,
තිසෙ,Only in Brahmi Dic,
තිහලිය,Only in Brahmi Dic,
තුබ,Only in Brahmi Dic,
තුබඩ,Only in Brahmi Dic,
තුබෙ,Only in Brahmi Dic,
තුභෙ,Only in Brahmi Dic,
තෙඣශ,Only in Brahmi Dic,
තෙරන,Only in Brahmi Dic,
තෙරස,Only in Brahmi Dic,
තෙලකට,Only in Brahmi Dic,
තෙලකටහ,Only in Brahmi Dic,
තෙලකටහක,Only in Brahmi Dic,
තොට,Only in Brahmi Dic,
තොඩික,Only in Brahmi Dic,
තොපශ,Only in Brahmi Dic,
තොස,Only in Brahmi Dic,
දකබරි,Only in Brahmi Dic,
දකිණ,Only in Brahmi Dic,
දටික,Only in Brahmi Dic,
දඩ,Only in Brahmi Dic,
දඩික,Only in Brahmi Dic,
දතකහ,Only in Brahmi Dic,
දතස,Only in Brahmi Dic,
දති,Only in Brahmi Dic,
දතෙ,Only in Brahmi Dic,
දන,Only in Brahmi Dic,
දනි,Only in Brahmi Dic,
දනු,Only in Brahmi Dic,
දනුකය,Only in Brahmi Dic,
දනුග,Only in Brahmi Dic,
දනුගය,Only in Brahmi Dic,
දම,Only in Brahmi Dic,
දමගුතශ,Only in Brahmi Dic,
දමදි,Only in Brahmi Dic,
දමරඣ,Only in Brahmi Dic,
දමරඣහ,Only in Brahmi Dic,
දමරුචි,Only in Brahmi Dic,
දමික,Only in Brahmi Dic,
දරකයහ,Only in Brahmi Dic,
දරබතික,Only in Brahmi Dic,
දරය,Only in Brahmi Dic,
දශ,Only in Brahmi Dic,
දශනෙ,Only in Brahmi Dic,
දස,Only in Brahmi Dic,
දසකහ,Only in Brahmi Dic,
දහකහ,Only in Brahmi Dic,
දාරක,Only in Brahmi Dic,
දිග,Only in Brahmi Dic,
දිගගුතශ,Only in Brahmi Dic,
දිගතිහ,Only in Brahmi Dic,
දිගදතහ,Only in Brahmi Dic,
දිගපියික,Only in Brahmi Dic,
දිගමිත,Only in Brahmi Dic,
දිගවපි,Only in Brahmi Dic,
දිණෙ,Only in Brahmi Dic,
දිතහ,Only in Brahmi Dic,
දිතිම,Only in Brahmi Dic,
දින,Only in Brahmi Dic,
දිනේ,Only in Brahmi Dic,
දින‌ෙ,Only in Brahmi Dic,
දිප,Only in Brahmi Dic,
දිපනිය,Only in Brahmi Dic,
දිපරඣ,Only in Brahmi Dic,
දිපිකුලිකන,Only in Brahmi Dic,
දිපිගල,Only in Brahmi Dic,
දිශශගශ,Only in Brahmi Dic,
දිශහ,Only in Brahmi Dic,
දිෂ,Only in Brahmi Dic,
දිස,Only in Brahmi Dic,
දීශ,Only in Brahmi Dic,
දුග,Only in Brahmi Dic,
දුටක,Only in Brahmi Dic,
දුත,Only in Brahmi Dic,
දුතක,Only in Brahmi Dic,
දුතකශ,Only in Brahmi Dic,
දුතකෙ,Only in Brahmi Dic,
දුතය,Only in Brahmi Dic,
දුපටකෙ,Only in Brahmi Dic,
දුබල,Only in Brahmi Dic,
දුබලගමකහි,Only in Brahmi Dic,
දුවෙ,Only in Brahmi Dic,
දුශ,Only in Brahmi Dic,
දුශතර,Only in Brahmi Dic,
දුශතරශ,Only in Brahmi Dic,
දුහතර,Only in Brahmi Dic,
දුහතරශ,Only in Brahmi Dic,
දුහිතය,Only in Brahmi Dic,
දෙව,Only in Brahmi Dic,
දෙවතිශහ,Only in Brahmi Dic,
දෙවනකතශ,Only in Brahmi Dic,
දෙවනපි,Only in Brahmi Dic,
දෙවනපියශ,Only in Brahmi Dic,
දෙවපුත,Only in Brahmi Dic,
දෙවය,Only in Brahmi Dic,
දෙවයහ,Only in Brahmi Dic,
දෙවරමණෙ,Only in Brahmi Dic,
දෙවිය,Only in Brahmi Dic,
දො,Only in Brahmi Dic,
දොර,Only in Brahmi Dic,
දොරකණි,Only in Brahmi Dic,
ද‌ෙවනපිය,Only in Brahmi Dic,
ද‌ෙවහ,Only in Brahmi Dic,
ධතහ,Only in Brahmi Dic,
ධන,Only in Brahmi Dic,
ධනෙ,Only in Brahmi Dic,
ධමරඣශ,Only in Brahmi Dic,
ධර,Only in Brahmi Dic,
ධිසය,Only in Brahmi Dic,
ධිසික,Only in Brahmi Dic,
නක,Only in Brahmi Dic,
නකතිහ,Only in Brahmi Dic,
නකයහ,Only in Brahmi Dic,
නකර,Only in Brahmi Dic,
නකරක,Only in Brahmi Dic,
නකලි,Only in Brahmi Dic,
නකලිය,Only in Brahmi Dic,
නකෙ,Only in Brahmi Dic,
නකොඩපික,Only in Brahmi Dic,
නගගමිය,Only in Brahmi Dic,
නගත,Only in Brahmi Dic,
නගදතය,Only in Brahmi Dic,
නගපවත,Only in Brahmi Dic,
නගමිතහ,Only in Brahmi Dic,
නගරක,Only in Brahmi Dic,
නගරශි,Only in Brahmi Dic,
නගරාන,Only in Brahmi Dic,
නගරියන,Only in Brahmi Dic,
නගුලි,Only in Brahmi Dic,
නගුලිහ,Only in Brahmi Dic,
නචදක,Only in Brahmi Dic,
නචිතහ,Only in Brahmi Dic,
නඩ,Only in Brahmi Dic,
නතිකන,Only in Brahmi Dic,
නතිකන්,Only in Brahmi Dic,
නද,Only in Brahmi Dic,
නදශ,Only in Brahmi Dic,
නදසල,Only in Brahmi Dic,
නදිලිය,Only in Brahmi Dic,
නදීක,Only in Brahmi Dic,
නබතික,Only in Brahmi Dic,
නමර,Only in Brahmi Dic,
නමරශ,Only in Brahmi Dic,
නමරෙ,Only in Brahmi Dic,
නමලයහ,Only in Brahmi Dic,
නමලි,Only in Brahmi Dic,
නමලිය,Only in Brahmi Dic,
නමලී,Only in Brahmi Dic,
නය,Only in Brahmi Dic,
නරයගුතහ,Only in Brahmi Dic,
නවිකහ,Only in Brahmi Dic,
නශික,Only in Brahmi Dic,
නා,Only in Brahmi Dic,
නාවිකස,Only in Brahmi Dic,
නාවිකහ,Only in Brahmi Dic,
නැකති,Only in Brahmi Dic,
නිතදෙවහ,Only in Brahmi Dic,
නිමණ‌ෙ,Only in Brahmi Dic,
නියත,Only in Brahmi Dic,
නියතපිතෙ,Only in Brahmi Dic,
නියෙතෙ,Only in Brahmi Dic,
නිලය,Only in Brahmi Dic,
නිශිමෙ,Only in Brahmi Dic,
නුග,Only in Brahmi Dic,
නුගහ,Only in Brahmi Dic,
නෙලගමශි,Only in Brahmi Dic,
නොකපිකෙ,Only in Brahmi Dic,
නොශබ,Only in Brahmi Dic,
පඔරණ,Only in Brahmi Dic,
පච,Only in Brahmi Dic,
පචය,Only in Brahmi Dic,
පචල,Only in Brahmi Dic,
පට,Only in Brahmi Dic,
පටනක,Only in Brahmi Dic,
පටමය,Only in Brahmi Dic,
පටි,Only in Brahmi Dic,
පටිකෙ,Only in Brahmi Dic,
පටිථපිතෙ,Only in Brahmi Dic,
පඩ,Only in Brahmi Dic,
පඩගම,Only in Brahmi Dic,
පඩිතශ,Only in Brahmi Dic,
පඩිතහ,Only in Brahmi Dic,
පඩුගුතෙ,Only in Brahmi Dic,
පඩුවස,Only in Brahmi Dic,
පණත,Only in Brahmi Dic,
පණදක,Only in Brahmi Dic,
පණි,Only in Brahmi Dic,
පති,Only in Brahmi Dic,
පතික,Only in Brahmi Dic,
පතිටපිත,Only in Brahmi Dic,
පදගඩි,Only in Brahmi Dic,
පදගඩිනි,Only in Brahmi Dic,
පදිඨපිතෙ,Only in Brahmi Dic,
පදින,Only in Brahmi Dic,
පදුම,Only in Brahmi Dic,
පදුමගුතශ,Only in Brahmi Dic,
පදුමහ,Only in Brahmi Dic,
පදෙ,Only in Brahmi Dic,
පනි,Only in Brahmi Dic,
පමතිශහ,Only in Brahmi Dic,
පය,Only in Brahmi Dic,
පරක,Only in Brahmi Dic,
පරචව,Only in Brahmi Dic,
පරමුක,Only in Brahmi Dic,
පරවෙණි,Only in Brahmi Dic,
පරිකරෙ,Only in Brahmi Dic,
පරිගහය,Only in Brahmi Dic,
පරිබොගනි,Only in Brahmi Dic,
පරිභුජිතු,Only in Brahmi Dic,
පරිහ,Only in Brahmi Dic,
පරුමකගුතශ,Only in Brahmi Dic,
පරුමකණෙ,Only in Brahmi Dic,
පරුමකල,Only in Brahmi Dic,
පරුමකලි,Only in Brahmi Dic,
පරුමකශ,Only in Brahmi Dic,
පරුමක්,Only in Brahmi Dic,
පරුමකෙ,Only in Brahmi Dic,
පල,Only in Brahmi Dic,
පලදත,Only in Brahmi Dic,
පලය,Only in Brahmi Dic,
පලහ,Only in Brahmi Dic,
පලිකද,Only in Brahmi Dic,
පලිකදස,Only in Brahmi Dic,
පවතහි,Only in Brahmi Dic,
පවිට,Only in Brahmi Dic,
පවිටක,Only in Brahmi Dic,
පශණදරිය,Only in Brahmi Dic,
පශනෙ,Only in Brahmi Dic,
පශි,Only in Brahmi Dic,
පශුදෙවල,Only in Brahmi Dic,
පශුවිශරයෙ,Only in Brahmi Dic,
පසඪිකෙ,Only in Brahmi Dic,
පහණ‌ෙ,Only in Brahmi Dic,
පහනම,Only in Brahmi Dic,
පාරුමක,Only in Brahmi Dic,
පාළි,Only in Brahmi Dic,
පිඩපටි,Only in Brahmi Dic,
පිඩපටික,Only in Brahmi Dic,
පිත,Only in Brahmi Dic,
පිතමහරඣහ,Only in Brahmi Dic,
පිතයෙ,Only in Brahmi Dic,
පිතිඨිතෙ,Only in Brahmi Dic,
පිපිලිගුහ,Only in Brahmi Dic,
පියකපෂණ,Only in Brahmi Dic,
පියදශනෙ,Only in Brahmi Dic,
පියදසනෙ,Only in Brahmi Dic,
පිල,Only in Brahmi Dic,
පුකන,Only in Brahmi Dic,
පුකියන,Only in Brahmi Dic,
පුගන,Only in Brahmi Dic,
පුගහ,Only in Brahmi Dic,
පුඩශහ,Only in Brahmi Dic,
පුඩහ,Only in Brahmi Dic,
පුණශ,Only in Brahmi Dic,
පුණහ,Only in Brahmi Dic,
පුතලහ,Only in Brahmi Dic,
පුනද,Only in Brahmi Dic,
පුනපිටික,Only in Brahmi Dic,
පුනශගුතශ,Only in Brahmi Dic,
පුර,Only in Brahmi Dic,
පුරහ,Only in Brahmi Dic,
පුරුශදතය,Only in Brahmi Dic,
පුශගුතෙ,Only in Brahmi Dic,
පුශගුතෙන,Only in Brahmi Dic,
පුශතෙරහ,Only in Brahmi Dic,
පුශදෙවස,Only in Brahmi Dic,
පුශමිත,Only in Brahmi Dic,
පුශමිතහ,Only in Brahmi Dic,
පුශලි,Only in Brahmi Dic,
පුශශ,Only in Brahmi Dic,
පුෂගුත,Only in Brahmi Dic,
පුසහ,Only in Brahmi Dic,
පෙරක,Only in Brahmi Dic,
පෙහකරහ,Only in Brahmi Dic,
පෙහෙකර,Only in Brahmi Dic,
පොකරණි,Only in Brahmi Dic,
පොටිමශහ,Only in Brahmi Dic,
පොශතකරෙ,Only in Brahmi Dic,
පොහොත්,Only in Brahmi Dic,
බ,Only in Brahmi Dic,
බක,Only in Brahmi Dic,
බකිනිය,Only in Brahmi Dic,
බකිනෙය,Only in Brahmi Dic,
බකුල,Only in Brahmi Dic,
බගදෙවහ,Only in Brahmi Dic,
බගිනයතිශහ,Only in Brahmi Dic,
බගිනි,Only in Brahmi Dic,
බගු,Only in Brahmi Dic,
බඩකරක,Only in Brahmi Dic,
බඩකරි,Only in Brahmi Dic,
බඩගරික,Only in Brahmi Dic,
බඩිහර,Only in Brahmi Dic,
බණගමික,Only in Brahmi Dic,
බතගු,Only in Brahmi Dic,
බතර,Only in Brahmi Dic,
බතශනගරශි,Only in Brahmi Dic,
බතිකන,Only in Brahmi Dic,
බතිකශ,Only in Brahmi Dic,
බතිකෙ,Only in Brahmi Dic,
බතිය,Only in Brahmi Dic,
බතුනො,Only in Brahmi Dic,
බද,Only in Brahmi Dic,
බදත,Only in Brahmi Dic,
බදය,Only in Brahmi Dic,
බමණහ,Only in Brahmi Dic,
බමතියශ,Only in Brahmi Dic,
බමදත,Only in Brahmi Dic,
බමදතශ,Only in Brahmi Dic,
බමලි,Only in Brahmi Dic,
බරණිගුතහ,Only in Brahmi Dic,
බරණිය,Only in Brahmi Dic,
බරියය,Only in Brahmi Dic,
බරුකචග,Only in Brahmi Dic,
බලගුතහ,Only in Brahmi Dic,
බහිකෙ,Only in Brahmi Dic,
බාණක,Only in Brahmi Dic,
බැති,Only in Brahmi Dic,
බුඣිකෙ,Only in Brahmi Dic,
බුතදතය,Only in Brahmi Dic,
බුතදතහ,Only in Brahmi Dic,
බුතෙය,Only in Brahmi Dic,
බුදරකිතහ,Only in Brahmi Dic,
බුමි,Only in Brahmi Dic,
බුමික,Only in Brahmi Dic,
බුමිදිනෙ,Only in Brahmi Dic,
බුයුත,Only in Brahmi Dic,
බෙණ,Only in Brahmi Dic,
බොඣක,Only in Brahmi Dic,
භත,Only in Brahmi Dic,
භතික,Only in Brahmi Dic,
භිකු,Only in Brahmi Dic,
භිඛු,Only in Brahmi Dic,
භොජකටකස,Only in Brahmi Dic,
භොජික,Only in Brahmi Dic,
මකහ,Only in Brahmi Dic,
මකිය,Only in Brahmi Dic,
මග,Only in Brahmi Dic,
මගහ,Only in Brahmi Dic,
මච,Only in Brahmi Dic,
මචක,Only in Brahmi Dic,
මචකය,Only in Brahmi Dic,
මචු,Only in Brahmi Dic,
මචුඩි,Only in Brahmi Dic,
මචුඩික,Only in Brahmi Dic,
මජක,Only in Brahmi Dic,
මජිමහ,Only in Brahmi Dic,
මඣි,Only in Brahmi Dic,
මඣිමයශ,Only in Brahmi Dic,
මඣිමශ,Only in Brahmi Dic,
මටිකවිලිපි,Only in Brahmi Dic,
මටිග,Only in Brahmi Dic,
මටුක,Only in Brahmi Dic,
මඩකෙ,Only in Brahmi Dic,
මඩුකශලිය,Only in Brahmi Dic,
මණල,Only in Brahmi Dic,
මණවණ,Only in Brahmi Dic,
මණි,Only in Brahmi Dic,
මතමත,Only in Brahmi Dic,
මතය,Only in Brahmi Dic,
මතයහ,Only in Brahmi Dic,
මතුලානිය,Only in Brahmi Dic,
මදලයහ,Only in Brahmi Dic,
මනප,Only in Brahmi Dic,
මනපදසනෙ,Only in Brahmi Dic,
මනලිකචිය,Only in Brahmi Dic,
මනාපදශනෙ,Only in Brahmi Dic,
මනොරමේ,Only in Brahmi Dic,
මපිත,Only in Brahmi Dic,
මයාවිය,Only in Brahmi Dic,
මරගම,Only in Brahmi Dic,
මරුමකනක,Only in Brahmi Dic,
මරුමකනකහ,Only in Brahmi Dic,
මරුමකනකෙ,Only in Brahmi Dic,
මරුමකනහ,Only in Brahmi Dic,
මරුමකනෙ,Only in Brahmi Dic,
මරුමනක,Only in Brahmi Dic,
මලයහපුත,Only in Brahmi Dic,
මලහ,Only in Brahmi Dic,
මලි,Only in Brahmi Dic,
මලිගමික,Only in Brahmi Dic,
මලුගමෙ,Only in Brahmi Dic,
මලුහ,Only in Brahmi Dic,
මලෙය,Only in Brahmi Dic,
මවිත,Only in Brahmi Dic,
මවිතෙ,Only in Brahmi Dic,
මහගණක,Only in Brahmi Dic,
මහගමෙ,Only in Brahmi Dic,
මහගුතහ,Only in Brahmi Dic,
මහචුලක,Only in Brahmi Dic,
මහත,Only in Brahmi Dic,
මහතිශයෙ,Only in Brahmi Dic,
මහතිශශ,Only in Brahmi Dic,
මහතිසහ,Only in Brahmi Dic,
මහදත,Only in Brahmi Dic,
මහනකළහ,Only in Brahmi Dic,
මහනගය,Only in Brahmi Dic,
මහපුගියන,Only in Brahmi Dic,
මහපුශ,Only in Brahmi Dic,
මහබුතයහ,Only in Brahmi Dic,
මහමත,Only in Brahmi Dic,
මහයශ,Only in Brahmi Dic,
මහයහ,Only in Brahmi Dic,
මහරක,Only in Brahmi Dic,
මහරජ,Only in Brahmi Dic,
මහරජශ,Only in Brahmi Dic,
මහරඣස,Only in Brahmi Dic,
මහරඣෙ,Only in Brahmi Dic,
මහරෙතහ,Only in Brahmi Dic,
මහලෙණ,Only in Brahmi Dic,
මහලෙණෙ,Only in Brahmi Dic,
මහලෙණ‌ෙ,Only in Brahmi Dic,
මහශ,Only in Brahmi Dic,
මහශිවහ,Only in Brahmi Dic,
මහශුදසනෙ,Only in Brahmi Dic,
මහශුමනශ,Only in Brahmi Dic,
මහශෙනහ,Only in Brahmi Dic,
මහසහුදශනෙ,Only in Brahmi Dic,
මහසිවයහ,Only in Brahmi Dic,
මහිද,Only in Brahmi Dic,
මළ,Only in Brahmi Dic,
මිටියමුත,Only in Brahmi Dic,
මිතපල,Only in Brahmi Dic,
මිතපලශ,Only in Brahmi Dic,
මිතය,Only in Brahmi Dic,
මිතශෙනශ,Only in Brahmi Dic,
මිතිය,Only in Brahmi Dic,
මිතෙ,Only in Brahmi Dic,
මිතෙන,Only in Brahmi Dic,
මිනමතහ,Only in Brahmi Dic,
මිලක,Only in Brahmi Dic,
මුකලු,Only in Brahmi Dic,
මුරිඩි,Only in Brahmi Dic,
මුලගුතශ,Only in Brahmi Dic,
මුලදෙවශ,Only in Brahmi Dic,
මුලශොම,Only in Brahmi Dic,
මෙ,Only in Brahmi Dic,
මෙගලි,Only in Brahmi Dic,
මෙළ,Only in Brahmi Dic,
යක,Only in Brahmi Dic,
යග,Only in Brahmi Dic,
යලි,Only in Brahmi Dic,
යවවවික,Only in Brahmi Dic,
යශදය,Only in Brahmi Dic,
යශදෙවහ,Only in Brahmi Dic,
යශොපලශ,Only in Brahmi Dic,
යශොපලහ,Only in Brahmi Dic,
යශොබල,Only in Brahmi Dic,
යශ‌ොපලහ,Only in Brahmi Dic,
යසිස,Only in Brahmi Dic,
යසොපල,Only in Brahmi Dic,
යහපල,Only in Brahmi Dic,
යහශිනි,Only in Brahmi Dic,
යෙසමගෙ,Only in Brahmi Dic,
යෙසමඝ,Only in Brahmi Dic,
ර,Only in Brahmi Dic,
රක,Only in Brahmi Dic,
රකිත,Only in Brahmi Dic,
රකිතගමියශි,Only in Brahmi Dic,
රකිතශ,Only in Brahmi Dic,
රකිතහ,Only in Brahmi Dic,
රකීත,Only in Brahmi Dic,
රජ,Only in Brahmi Dic,
රජහ,Only in Brahmi Dic,
රජහි,Only in Brahmi Dic,
රජිකහි,Only in Brahmi Dic,
රඣපුත,Only in Brahmi Dic,
රඣශ,Only in Brahmi Dic,
රඣශමණිකරශෙ,Only in Brahmi Dic,
රඣශි,Only in Brahmi Dic,
රඣහ,Only in Brahmi Dic,
රඣහි,Only in Brahmi Dic,
රඣියශි,Only in Brahmi Dic,
රඣියහි,Only in Brahmi Dic,
රන,Only in Brahmi Dic,
රම,Only in Brahmi Dic,
රමඣට,Only in Brahmi Dic,
රමණි,Only in Brahmi Dic,
රමදතය,Only in Brahmi Dic,
රමය,Only in Brahmi Dic,
රමශ,Only in Brahmi Dic,
රයහ,Only in Brahmi Dic,
රයෙ,Only in Brahmi Dic,
රැකි,Only in Brahmi Dic,
රිතය,Only in Brahmi Dic,
රුගය,Only in Brahmi Dic,
රුප,Only in Brahmi Dic,
රුපදක,Only in Brahmi Dic,
රුවලය,Only in Brahmi Dic,
රෙටහ,Only in Brahmi Dic,
රෙත,Only in Brahmi Dic,
රෙතය,Only in Brahmi Dic,
රෙවතහ,Only in Brahmi Dic,
රෙවති,Only in Brahmi Dic,
රොණිගුතශ,Only in Brahmi Dic,
රොණිය,Only in Brahmi Dic,
රොහනි,Only in Brahmi Dic,
ලක,Only in Brahmi Dic,
ලචි,Only in Brahmi Dic,
ලඣක,Only in Brahmi Dic,
ලඣකශ,Only in Brahmi Dic,
ලඪකෙ,Only in Brahmi Dic,
ලපන,Only in Brahmi Dic,
ලබෙ,Only in Brahmi Dic,
ලය,Only in Brahmi Dic,
ලශ,Only in Brahmi Dic,
ලිණි,Only in Brahmi Dic,
ලිණෙ,Only in Brahmi Dic,
ලිණ‌ෙ,Only in Brahmi Dic,
ලිය,Only in Brahmi Dic,
ලෙණශ,Only in Brahmi Dic,
ලෙණශි,Only in Brahmi Dic,
ලෙණහ,Only in Brahmi Dic,
ලෙණහි,Only in Brahmi Dic,
ලෙණ‌,Only in Brahmi Dic,
ලෙණ‌ෙ,Only in Brahmi Dic,
ලෙනශි,Only in Brahmi Dic,
ලොකෙය,Only in Brahmi Dic,
ලොණාපි,Only in Brahmi Dic,
ල‌ෙණ‌ෙ,Only in Brahmi Dic,
ල‌ෙන‌ෙ,Only in Brahmi Dic,
වච,Only in Brahmi Dic,
වජිරය,Only in Brahmi Dic,
වඩමනගම,Only in Brahmi Dic,
වණිච,Only in Brahmi Dic,
වණිඣන,Only in Brahmi Dic,
වනකගමිය,Only in Brahmi Dic,
වනිච,Only in Brahmi Dic,
වපි,Only in Brahmi Dic,
වපිය,Only in Brahmi Dic,
වමකරක,Only in Brahmi Dic,
වරලි,Only in Brahmi Dic,
වරලිය,Only in Brahmi Dic,
වරුණදත,Only in Brahmi Dic,
වරෙ,Only in Brahmi Dic,
වවි,Only in Brahmi Dic,
වවිය,Only in Brahmi Dic,
වශක,Only in Brahmi Dic,
වශකණි,Only in Brahmi Dic,
වශබස,Only in Brahmi Dic,
වශශ,Only in Brahmi Dic,
වශි,Only in Brahmi Dic,
වශික,Only in Brahmi Dic,
වශිකශ,Only in Brahmi Dic,
වශිත,Only in Brahmi Dic,
වශුහ,Only in Brahmi Dic,
වස,Only in Brahmi Dic,
වසවසිකෙ,Only in Brahmi Dic,
වහණක,Only in Brahmi Dic,
වහබ,Only in Brahmi Dic,
වහලිය,Only in Brahmi Dic,
වහිකෙ,Only in Brahmi Dic,
වහිටි,Only in Brahmi Dic,
වහිඩි,Only in Brahmi Dic,
වළ,Only in Brahmi Dic,
වාපර,Only in Brahmi Dic,
වාබර,Only in Brahmi Dic,
වාවී,Only in Brahmi Dic,
විණුය,Only in Brahmi Dic,
විණුහ,Only in Brahmi Dic,
විතනගරහි,Only in Brahmi Dic,
විනය,Only in Brahmi Dic,
විනයදර,Only in Brahmi Dic,
විම,Only in Brahmi Dic,
විමන,Only in Brahmi Dic,
විය,Only in Brahmi Dic,
වියග,Only in Brahmi Dic,
වියගහ,Only in Brahmi Dic,
විලගමෙ,Only in Brahmi Dic,
විශකය,Only in Brahmi Dic,
විශති,Only in Brahmi Dic,
විශදෙව,Only in Brahmi Dic,
විශදෙවශ,Only in Brahmi Dic,
විශදෙවහ,Only in Brahmi Dic,
විශපලොක,Only in Brahmi Dic,
විශර,Only in Brahmi Dic,
විශරෙ,Only in Brahmi Dic,
විහකහ,Only in Brahmi Dic,
විහර,Only in Brahmi Dic,
විහරහි,Only in Brahmi Dic,
විහරිය,Only in Brahmi Dic,
විහරෙ,Only in Brahmi Dic,
වීඣිතශෙනශ,Only in Brahmi Dic,
වුදික,Only in Brahmi Dic,
වෙග,Only in Brahmi Dic,
වෙජ,Only in Brahmi Dic,
වෙඣ,Only in Brahmi Dic,
වෙටිගොපක,Only in Brahmi Dic,
වෙදදශ,Only in Brahmi Dic,
වෙපුලි,Only in Brahmi Dic,
වෙබලිය,Only in Brahmi Dic,
වෙරුමකන,Only in Brahmi Dic,
වෙලහ,Only in Brahmi Dic,
වෙලුය,Only in Brahmi Dic,
වෙලුශ,Only in Brahmi Dic,
වෙලුශුමනශ,Only in Brahmi Dic,
වෙශ,Only in Brahmi Dic,
වෙශමණ,Only in Brahmi Dic,
වෙශශ,Only in Brahmi Dic,
වෙශහ,Only in Brahmi Dic,
වෙස,Only in Brahmi Dic,
වෙසාය,Only in Brahmi Dic,
වෙළහ,Only in Brahmi Dic,
වොහර,Only in Brahmi Dic,
ශගත,Only in Brahmi Dic,
ශගමිතශ,Only in Brahmi Dic,
ශගයමතහ,Only in Brahmi Dic,
ශගර,Only in Brahmi Dic,
ශගශ‌,Only in Brahmi Dic,
ශඝයෙ,Only in Brahmi Dic,
ශඣ,Only in Brahmi Dic,
ශතක,Only in Brahmi Dic,
ශතඩ,Only in Brahmi Dic,
ශතෙන,Only in Brahmi Dic,
ශදඑමඩන,Only in Brahmi Dic,
ශදන,Only in Brahmi Dic,
ශදනහ,Only in Brahmi Dic,
ශදයෙ,Only in Brahmi Dic,
ශදිවිහිර,Only in Brahmi Dic,
ශදොය,Only in Brahmi Dic,
ශනෙ,Only in Brahmi Dic,
ශපතිකෙ,Only in Brahmi Dic,
ශබහ,Only in Brahmi Dic,
ශබිලිය,Only in Brahmi Dic,
ශමණ,Only in Brahmi Dic,
ශමණකශ,Only in Brahmi Dic,
ශමණකහ,Only in Brahmi Dic,
ශමණයෙ,Only in Brahmi Dic,
ශමණිය,Only in Brahmi Dic,
ශමතපශදිකෙ,Only in Brahmi Dic,
ශමිකශ,Only in Brahmi Dic,
ශමිදතය,Only in Brahmi Dic,
ශමුද,Only in Brahmi Dic,
ශමුදය,Only in Brahmi Dic,
ශමුදශ,Only in Brahmi Dic,
ශයුතක,Only in Brahmi Dic,
ශලහ,Only in Brahmi Dic,
ශලිවයශි,Only in Brahmi Dic,
ශව,Only in Brahmi Dic,
ශවිටදතහ,Only in Brahmi Dic,
ශවිනිය,Only in Brahmi Dic,
ශවෙර,Only in Brahmi Dic,
ශවෙරය,Only in Brahmi Dic,
ශශි,Only in Brahmi Dic,
ශශිරිකහ,Only in Brahmi Dic,
ශහශ,Only in Brahmi Dic,
ශාල,Only in Brahmi Dic,
ශිගිණික,Only in Brahmi Dic,
ශිණහ,Only in Brahmi Dic,
ශිතගුහ,Only in Brahmi Dic,
ශිතගුහෙ,Only in Brahmi Dic,
ශිදතශ,Only in Brahmi Dic,
ශිදතහ,Only in Brahmi Dic,
ශිදශ,Only in Brahmi Dic,
ශිම,Only in Brahmi Dic,
ශිරිගුතහ,Only in Brahmi Dic,
ශිරිපලිය,Only in Brahmi Dic,
ශිරිලෙණෙ,Only in Brahmi Dic,
ශිල,Only in Brahmi Dic,
ශිලපටනි,Only in Brahmi Dic,
ශිලය,Only in Brahmi Dic,
ශිලවිජයහ,Only in Brahmi Dic,
ශිවගුත,Only in Brahmi Dic,
ශිවගුතහ,Only in Brahmi Dic,
ශිවනබුතිය,Only in Brahmi Dic,
ශිවය,Only in Brahmi Dic,
ශිවලය,Only in Brahmi Dic,
ශිවි,Only in Brahmi Dic,
ශිවික,Only in Brahmi Dic,
ශිවෙන,Only in Brahmi Dic,
ශිශපණෙ,Only in Brahmi Dic,
ශිහපණෙ,Only in Brahmi Dic,
ශුග,Only in Brahmi Dic,
ශුඣගය,Only in Brahmi Dic,
ශුඣතය,Only in Brahmi Dic,
ශුද,Only in Brahmi Dic,
ශුනකතහ,Only in Brahmi Dic,
ශුබහ,Only in Brahmi Dic,
ශුම,Only in Brahmi Dic,
ශුමනකශ,Only in Brahmi Dic,
ශුමනදත,Only in Brahmi Dic,
ශුමනදෙවශ,Only in Brahmi Dic,
ශුමනබුතිය,Only in Brahmi Dic,
ශුමය,Only in Brahmi Dic,
ශුමරහශ,Only in Brahmi Dic,
ශුමිතහ,Only in Brahmi Dic,
ශුරකිත,Only in Brahmi Dic,
ශුරතිශහ,Only in Brahmi Dic,
ශුරහ,Only in Brahmi Dic,
ශුරිගුත,Only in Brahmi Dic,
ශුරිදහ,Only in Brahmi Dic,
ශුරිශ,Only in Brahmi Dic,
ශුවිශක,Only in Brahmi Dic,
ශෙන,Only in Brahmi Dic,
ශෙනපති,Only in Brahmi Dic,
ශෙනපිති,Only in Brahmi Dic,
ශෙනපිතිය,Only in Brahmi Dic,
ශෙනශනෙ,Only in Brahmi Dic,
ශොණ,Only in Brahmi Dic,
ශොණුතර,Only in Brahmi Dic,
ශොදයෙ,Only in Brahmi Dic,
ශොනය,Only in Brahmi Dic,
ශොනියගරෙ,Only in Brahmi Dic,
ශොබනශ,Only in Brahmi Dic,
ශොබිකන්,Only in Brahmi Dic,
ශොමදතහ,Only in Brahmi Dic,
ශොමදෙව,Only in Brahmi Dic,
ශොමදෙවශ,Only in Brahmi Dic,
ශොමදෙවහ,Only in Brahmi Dic,
ශොමලිය,Only in Brahmi Dic,
ශොමහ,Only in Brahmi Dic,
ශ‌ෙ,Only in Brahmi Dic,
ශ‌ෙණි,Only in Brahmi Dic,
ශ‌ොණගුත,Only in Brahmi Dic,
ශ‌ොණහ,Only in Brahmi Dic,
සගය,Only in Brahmi Dic,
සගශ,Only in Brahmi Dic,
සගහ,Only in Brahmi Dic,
සගහටය,Only in Brahmi Dic,
සගහ්,Only in Brahmi Dic,
සගිකෙ,Only in Brahmi Dic,
සඝ,Only in Brahmi Dic,
සඝය,Only in Brahmi Dic,
සඝයෙ,Only in Brahmi Dic,
සඝශ,Only in Brahmi Dic,
සඝස,Only in Brahmi Dic,
සතන,Only in Brahmi Dic,
සතස,Only in Brahmi Dic,
සදතුතහ,Only in Brahmi Dic,
සදනහ,Only in Brahmi Dic,
සදනෙන,Only in Brahmi Dic,
සදයශ,Only in Brahmi Dic,
සදිවිහරි,Only in Brahmi Dic,
සමණයෙ,Only in Brahmi Dic,
සමණිය,Only in Brahmi Dic,
සමණ‌ෙ,Only in Brahmi Dic,
සමතබද,Only in Brahmi Dic,
සමනීය,Only in Brahmi Dic,
සමුද,Only in Brahmi Dic,
සමුදගුතශ,Only in Brahmi Dic,
සය,Only in Brahmi Dic,
සලකහ,Only in Brahmi Dic,
සලහ,Only in Brahmi Dic,
සව,Only in Brahmi Dic,
සහථකෙ,Only in Brahmi Dic,
සි,Only in Brahmi Dic,
සික,Only in Brahmi Dic,
සිටවිය,Only in Brahmi Dic,
සිතෙ,Only in Brahmi Dic,
සිද,Only in Brahmi Dic,
සිදවිය,Only in Brahmi Dic,
සිද්ධම්,Only in Brahmi Dic,
සිදිනහ,Only in Brahmi Dic,
සිධ,Only in Brahmi Dic,
සිධම්,Only in Brahmi Dic,
සිධවිය,Only in Brahmi Dic,
සිරලය,Only in Brahmi Dic,
සිව,Only in Brahmi Dic,
සිවය,Only in Brahmi Dic,
සිවයහ,Only in Brahmi Dic,
සිවලිය,Only in Brahmi Dic,
සිවහ,Only in Brahmi Dic,
සිවික,Only in Brahmi Dic,
සිහස,Only in Brahmi Dic,
සුඣතශ,Only in Brahmi Dic,
සුතත,Only in Brahmi Dic,
සුදශනෙ,Only in Brahmi Dic,
සුදසනෙ,Only in Brahmi Dic,
සුපටම,Only in Brahmi Dic,
සුමන,Only in Brahmi Dic,
සුමනගුතශ,Only in Brahmi Dic,
සුමනය,Only in Brahmi Dic,
සුමහ,Only in Brahmi Dic,
සෙන,Only in Brahmi Dic,
සොඩකළහ,Only in Brahmi Dic,
සොණ,Only in Brahmi Dic,
සොණය,Only in Brahmi Dic,
සොණහ,Only in Brahmi Dic,
සොණුතරහ,Only in Brahmi Dic,
හකුලවිය,Only in Brahmi Dic,
හගරහ,Only in Brahmi Dic,
හඣයහ,Only in Brahmi Dic,
හටයෙ,Only in Brahmi Dic,
හණ,Only in Brahmi Dic,
හණෙයහ,Only in Brahmi Dic,
හත,Only in Brahmi Dic,
හදනකහ,Only in Brahmi Dic,
හදනහ,Only in Brahmi Dic,
හදනෙ,Only in Brahmi Dic,
හමි,Only in Brahmi Dic,
හමික,Only in Brahmi Dic,
හමුදහ,Only in Brahmi Dic,
හරිටිමතහ,Only in Brahmi Dic,
හරුමස,Only in Brahmi Dic,
හරුමහ,Only in Brahmi Dic,
හලණ,Only in Brahmi Dic,
හාමිකහ,Only in Brahmi Dic,
හි,Only in Brahmi Dic,
හිතන,Only in Brahmi Dic,
හිනකඩක,Only in Brahmi Dic,
හුජතය,Only in Brahmi Dic,
හුම,Only in Brahmi Dic,
හුමක,Only in Brahmi Dic,
හුමන,Only in Brahmi Dic,
හුමනය,Only in Brahmi Dic,
හුමනහ,Only in Brahmi Dic,
හොණහ,Only in Brahmi Dic,
